img_name,predicted
0.jpg,4
100.jpg,5
10000.jpg,14
10003.jpg,9
10004.jpg,3
10007.jpg,12
10008.jpg,3
10009.jpg,6
10015.jpg,14
10016.jpg,14
10017.jpg,0
1002.jpg,12
10022.jpg,14
10025.jpg,6
1003.jpg,4
10030.jpg,6
10032.jpg,4
10034.jpg,14
10036.jpg,6
10040.jpg,6
10047.jpg,14
1005.jpg,14
10050.jpg,4
10051.jpg,4
10056.jpg,8
10060.jpg,6
10061.jpg,4
10064.jpg,4
10067.jpg,9
10069.jpg,4
10072.jpg,11
10075.jpg,6
10084.jpg,4
10085.jpg,4
10086.jpg,0
10087.jpg,9
10092.jpg,14
10094.jpg,11
10095.jpg,14
10097.jpg,3
10106.jpg,5
10107.jpg,4
10114.jpg,0
10115.jpg,6
10120.jpg,14
10125.jpg,14
10126.jpg,14
10127.jpg,14
10128.jpg,9
10132.jpg,13
10133.jpg,6
10136.jpg,14
10139.jpg,14
10140.jpg,4
10142.jpg,14
10144.jpg,4
10146.jpg,4
10149.jpg,5
10154.jpg,14
10156.jpg,14
10158.jpg,6
10160.jpg,13
10161.jpg,4
10164.jpg,0
10172.jpg,8
10173.jpg,4
10174.jpg,9
10176.jpg,9
10177.jpg,11
1018.jpg,8
10181.jpg,6
10182.jpg,14
10184.jpg,9
10186.jpg,6
10188.jpg,5
10189.jpg,14
10192.jpg,11
10194.jpg,12
10195.jpg,6
10196.jpg,16
10199.jpg,0
102.jpg,14
10203.jpg,13
10204.jpg,6
10205.jpg,9
10212.jpg,14
10213.jpg,4
10219.jpg,6
10221.jpg,4
10225.jpg,11
10226.jpg,14
10228.jpg,6
10229.jpg,4
10238.jpg,0
10246.jpg,4
10247.jpg,4
10249.jpg,14
10264.jpg,11
10267.jpg,14
10273.jpg,14
10275.jpg,0
10279.jpg,9
1028.jpg,10
10280.jpg,6
10282.jpg,14
10287.jpg,10
10290.jpg,5
10293.jpg,8
103.jpg,4
10302.jpg,14
10305.jpg,4
10306.jpg,14
10309.jpg,0
1031.jpg,14
10315.jpg,14
10317.jpg,14
1032.jpg,4
10334.jpg,4
10340.jpg,14
10342.jpg,5
10349.jpg,4
10350.jpg,0
10351.jpg,4
10352.jpg,11
10353.jpg,2
10354.jpg,0
10355.jpg,14
1036.jpg,11
10362.jpg,9
10364.jpg,5
10368.jpg,11
1037.jpg,11
10370.jpg,11
10371.jpg,13
10380.jpg,11
10386.jpg,14
10387.jpg,3
10388.jpg,4
10390.jpg,4
10392.jpg,6
10394.jpg,14
10395.jpg,9
10396.jpg,6
10399.jpg,4
104.jpg,4
10400.jpg,9
10402.jpg,5
10404.jpg,14
10408.jpg,0
10411.jpg,14
10412.jpg,14
10414.jpg,3
10415.jpg,14
10418.jpg,12
10424.jpg,3
10426.jpg,4
10429.jpg,4
10434.jpg,4
10439.jpg,13
10449.jpg,6
10454.jpg,11
10455.jpg,4
10456.jpg,14
10459.jpg,14
1046.jpg,8
10462.jpg,14
10463.jpg,10
10467.jpg,14
10474.jpg,11
10475.jpg,0
10479.jpg,4
1048.jpg,6
10482.jpg,11
10484.jpg,4
1049.jpg,11
10493.jpg,14
10497.jpg,4
1050.jpg,2
10502.jpg,9
10503.jpg,11
10504.jpg,14
10505.jpg,14
10507.jpg,9
10514.jpg,14
10518.jpg,4
10519.jpg,4
1052.jpg,6
10526.jpg,9
10527.jpg,3
1053.jpg,5
10534.jpg,14
10537.jpg,14
10538.jpg,12
1054.jpg,3
10541.jpg,14
10545.jpg,14
10546.jpg,12
10550.jpg,9
10553.jpg,4
10555.jpg,6
10556.jpg,9
10560.jpg,3
10564.jpg,9
10569.jpg,14
10571.jpg,14
10575.jpg,9
10576.jpg,4
10577.jpg,6
10579.jpg,14
10585.jpg,14
10589.jpg,9
10591.jpg,14
10596.jpg,0
1060.jpg,9
10606.jpg,14
10609.jpg,14
1061.jpg,0
10611.jpg,0
10618.jpg,0
10620.jpg,0
10623.jpg,8
10624.jpg,14
10625.jpg,2
10627.jpg,4
10632.jpg,8
10638.jpg,14
10643.jpg,12
10644.jpg,4
10646.jpg,9
10648.jpg,4
1065.jpg,6
10651.jpg,14
10661.jpg,11
10662.jpg,9
10664.jpg,14
10670.jpg,6
1068.jpg,8
10681.jpg,6
10686.jpg,9
1069.jpg,6
10690.jpg,4
10700.jpg,11
10702.jpg,6
10708.jpg,4
10716.jpg,4
10720.jpg,14
10725.jpg,3
1073.jpg,9
10730.jpg,5
10731.jpg,0
10734.jpg,4
10743.jpg,11
10749.jpg,4
1075.jpg,6
10752.jpg,2
10756.jpg,14
10767.jpg,10
10770.jpg,11
10774.jpg,5
10776.jpg,4
10782.jpg,5
10786.jpg,9
10788.jpg,18
1079.jpg,9
10792.jpg,2
10801.jpg,11
10803.jpg,11
10804.jpg,6
10805.jpg,14
10806.jpg,14
10815.jpg,14
10816.jpg,0
10818.jpg,14
10819.jpg,6
1082.jpg,0
10825.jpg,14
10826.jpg,4
1083.jpg,14
10831.jpg,6
10835.jpg,9
10837.jpg,9
10839.jpg,0
10840.jpg,11
10846.jpg,6
10848.jpg,4
10850.jpg,12
10853.jpg,4
10855.jpg,4
10856.jpg,12
10859.jpg,6
10864.jpg,4
1087.jpg,4
10870.jpg,4
10872.jpg,13
10877.jpg,5
10878.jpg,3
10882.jpg,14
10883.jpg,14
10885.jpg,18
10890.jpg,13
10895.jpg,4
10896.jpg,9
10897.jpg,14
1090.jpg,0
10902.jpg,6
10908.jpg,12
1091.jpg,14
10910.jpg,5
10915.jpg,6
10918.jpg,6
10919.jpg,11
1092.jpg,4
10921.jpg,9
10923.jpg,4
10926.jpg,14
10936.jpg,5
10940.jpg,14
10943.jpg,0
10944.jpg,14
10948.jpg,4
10949.jpg,5
10955.jpg,6
1097.jpg,12
10970.jpg,14
10971.jpg,5
10975.jpg,14
10976.jpg,13
10981.jpg,2
10982.jpg,2
10987.jpg,14
10989.jpg,0
10992.jpg,16
10994.jpg,14
10996.jpg,11
11000.jpg,5
11002.jpg,14
11005.jpg,11
11006.jpg,4
11007.jpg,5
11008.jpg,0
11016.jpg,14
11020.jpg,9
1103.jpg,6
11031.jpg,11
11037.jpg,6
1104.jpg,6
11045.jpg,14
11047.jpg,4
11049.jpg,14
11051.jpg,11
11054.jpg,10
11056.jpg,6
11066.jpg,0
11072.jpg,10
11073.jpg,4
11075.jpg,11
11077.jpg,4
11081.jpg,0
11087.jpg,11
1109.jpg,5
11092.jpg,12
11093.jpg,4
11095.jpg,9
11096.jpg,6
1110.jpg,0
11101.jpg,4
11103.jpg,14
11106.jpg,4
1111.jpg,4
11113.jpg,4
11116.jpg,11
11119.jpg,5
1112.jpg,14
11121.jpg,14
11124.jpg,14
11127.jpg,4
1113.jpg,0
11140.jpg,11
11141.jpg,5
11142.jpg,0
11143.jpg,9
11145.jpg,16
11146.jpg,14
11149.jpg,4
11152.jpg,11
11155.jpg,4
11157.jpg,0
1116.jpg,11
11163.jpg,5
11164.jpg,4
11165.jpg,4
11167.jpg,4
11171.jpg,4
11172.jpg,16
11176.jpg,6
1118.jpg,6
11181.jpg,6
11182.jpg,9
11183.jpg,14
11184.jpg,6
11191.jpg,4
11193.jpg,5
11195.jpg,9
11198.jpg,4
112.jpg,4
11203.jpg,4
11206.jpg,4
11208.jpg,11
11213.jpg,10
11214.jpg,14
11218.jpg,14
11220.jpg,4
11221.jpg,11
11223.jpg,14
11225.jpg,18
11227.jpg,14
11228.jpg,5
1123.jpg,11
11231.jpg,3
11232.jpg,4
11238.jpg,4
11246.jpg,9
11248.jpg,4
11256.jpg,14
11261.jpg,14
11268.jpg,0
11269.jpg,9
11270.jpg,14
11271.jpg,9
11272.jpg,5
11275.jpg,16
11277.jpg,2
11281.jpg,14
11284.jpg,4
11287.jpg,14
11292.jpg,14
11294.jpg,4
11300.jpg,2
11303.jpg,5
11306.jpg,4
11309.jpg,0
11312.jpg,18
11314.jpg,14
11316.jpg,6
11317.jpg,9
11323.jpg,11
11326.jpg,4
11328.jpg,9
1133.jpg,6
11331.jpg,14
11333.jpg,6
11336.jpg,0
11338.jpg,4
11343.jpg,3
11347.jpg,4
11369.jpg,9
1137.jpg,6
11380.jpg,6
11381.jpg,2
11384.jpg,4
11386.jpg,4
11395.jpg,14
11398.jpg,14
114.jpg,14
1140.jpg,0
11402.jpg,14
11403.jpg,0
11406.jpg,6
11407.jpg,3
11408.jpg,11
11411.jpg,4
11417.jpg,11
11420.jpg,4
11428.jpg,11
11429.jpg,4
11430.jpg,4
11435.jpg,11
11436.jpg,4
11438.jpg,4
11448.jpg,14
1145.jpg,14
11451.jpg,0
11452.jpg,4
11455.jpg,4
11456.jpg,4
11462.jpg,4
11466.jpg,6
11469.jpg,14
1148.jpg,0
11481.jpg,11
11482.jpg,16
11483.jpg,14
11488.jpg,14
11489.jpg,13
1149.jpg,6
11491.jpg,0
11494.jpg,14
11496.jpg,16
11498.jpg,9
1150.jpg,4
11501.jpg,14
11506.jpg,2
11508.jpg,14
11512.jpg,14
11514.jpg,14
11525.jpg,4
1153.jpg,11
11530.jpg,14
11536.jpg,4
11539.jpg,0
1154.jpg,6
11540.jpg,11
11542.jpg,8
11544.jpg,11
11549.jpg,10
11550.jpg,8
11561.jpg,4
11564.jpg,14
11565.jpg,0
11567.jpg,11
11573.jpg,6
11574.jpg,14
11575.jpg,5
11584.jpg,14
11588.jpg,2
11589.jpg,5
11590.jpg,11
11595.jpg,16
11596.jpg,11
11604.jpg,14
11607.jpg,0
11609.jpg,4
11611.jpg,4
11618.jpg,9
11619.jpg,6
11620.jpg,6
11622.jpg,9
11635.jpg,14
11636.jpg,14
11638.jpg,6
11639.jpg,10
11640.jpg,14
11643.jpg,9
11647.jpg,2
11649.jpg,0
11650.jpg,14
11652.jpg,4
11654.jpg,14
11657.jpg,14
1166.jpg,0
11663.jpg,4
11670.jpg,9
11673.jpg,12
11680.jpg,11
11682.jpg,14
11685.jpg,12
11687.jpg,14
1169.jpg,6
11690.jpg,5
11699.jpg,14
1170.jpg,12
11705.jpg,9
11709.jpg,14
1171.jpg,0
11710.jpg,9
11711.jpg,9
11712.jpg,11
11713.jpg,14
11718.jpg,14
11721.jpg,3
11723.jpg,9
11727.jpg,9
11728.jpg,0
11730.jpg,14
11734.jpg,14
11735.jpg,4
1174.jpg,9
11741.jpg,6
11743.jpg,6
11744.jpg,10
11745.jpg,4
11749.jpg,13
11754.jpg,9
11760.jpg,14
11764.jpg,14
11768.jpg,14
11771.jpg,14
11777.jpg,14
11785.jpg,14
11787.jpg,11
1179.jpg,3
11793.jpg,4
11794.jpg,4
11798.jpg,16
1180.jpg,14
11808.jpg,9
11811.jpg,0
11812.jpg,4
11822.jpg,14
11823.jpg,11
11824.jpg,5
11828.jpg,4
11830.jpg,5
11831.jpg,14
11832.jpg,0
11834.jpg,11
11836.jpg,14
11838.jpg,3
11839.jpg,9
1184.jpg,9
11847.jpg,14
11853.jpg,0
11863.jpg,4
11868.jpg,6
11871.jpg,14
11872.jpg,14
11874.jpg,6
11879.jpg,4
11880.jpg,9
11887.jpg,2
1189.jpg,14
11890.jpg,0
11893.jpg,4
11899.jpg,4
1190.jpg,9
11900.jpg,10
11903.jpg,14
11904.jpg,14
11914.jpg,4
11918.jpg,14
11922.jpg,6
11925.jpg,11
11928.jpg,8
11932.jpg,6
11935.jpg,14
1194.jpg,11
11945.jpg,9
11949.jpg,9
11950.jpg,14
11954.jpg,2
11956.jpg,14
11957.jpg,0
11961.jpg,14
11962.jpg,0
11963.jpg,14
11970.jpg,10
11972.jpg,5
11975.jpg,5
11985.jpg,0
11990.jpg,14
11994.jpg,8
11995.jpg,11
120.jpg,4
12001.jpg,14
12002.jpg,0
12005.jpg,11
12006.jpg,6
12011.jpg,14
12014.jpg,0
12016.jpg,4
12020.jpg,6
12022.jpg,11
12023.jpg,14
12029.jpg,5
1203.jpg,11
12030.jpg,11
12032.jpg,9
12034.jpg,4
12036.jpg,0
12037.jpg,4
12043.jpg,0
12049.jpg,14
12051.jpg,5
12056.jpg,2
1206.jpg,10
12062.jpg,14
12063.jpg,4
12071.jpg,14
12075.jpg,9
12084.jpg,18
12086.jpg,9
12089.jpg,14
12090.jpg,12
12091.jpg,6
12092.jpg,4
12093.jpg,4
12099.jpg,4
1210.jpg,4
12102.jpg,14
12106.jpg,4
1211.jpg,4
12110.jpg,12
12111.jpg,9
12113.jpg,9
12114.jpg,14
12122.jpg,9
12126.jpg,12
12128.jpg,4
12130.jpg,11
12131.jpg,14
12134.jpg,3
12136.jpg,10
12138.jpg,5
12142.jpg,14
12147.jpg,6
12148.jpg,14
12151.jpg,11
12155.jpg,14
12161.jpg,9
12162.jpg,11
12166.jpg,11
12167.jpg,5
12168.jpg,13
12170.jpg,12
12171.jpg,5
1219.jpg,0
12192.jpg,18
12195.jpg,9
12196.jpg,9
122.jpg,5
12200.jpg,14
12204.jpg,14
12214.jpg,6
12215.jpg,6
12216.jpg,14
12220.jpg,6
12223.jpg,4
12224.jpg,14
12228.jpg,12
12241.jpg,9
12242.jpg,11
12243.jpg,14
12245.jpg,6
12246.jpg,4
12247.jpg,2
12248.jpg,5
12253.jpg,11
12259.jpg,11
1226.jpg,9
12265.jpg,4
12266.jpg,6
12269.jpg,0
12270.jpg,5
12273.jpg,0
12274.jpg,2
12278.jpg,4
1228.jpg,14
12281.jpg,9
12292.jpg,14
12293.jpg,14
12294.jpg,5
12296.jpg,2
12299.jpg,9
1230.jpg,0
12302.jpg,5
12306.jpg,4
12309.jpg,6
1231.jpg,9
12310.jpg,14
12311.jpg,5
12316.jpg,4
12317.jpg,13
12321.jpg,14
12322.jpg,4
12324.jpg,6
12330.jpg,4
12333.jpg,8
12343.jpg,6
12344.jpg,6
12345.jpg,4
12346.jpg,11
1235.jpg,13
12353.jpg,11
12355.jpg,13
12356.jpg,5
12357.jpg,13
12361.jpg,14
12364.jpg,14
12365.jpg,5
12367.jpg,4
1237.jpg,4
12376.jpg,11
12379.jpg,4
12382.jpg,18
12383.jpg,13
12387.jpg,13
1239.jpg,14
12391.jpg,14
12396.jpg,4
12397.jpg,12
124.jpg,14
12400.jpg,6
12406.jpg,0
12419.jpg,6
1242.jpg,5
12421.jpg,12
12426.jpg,5
12437.jpg,6
12452.jpg,12
12453.jpg,14
12454.jpg,12
12457.jpg,2
12458.jpg,11
1246.jpg,9
12463.jpg,14
12464.jpg,6
12472.jpg,9
12477.jpg,6
12480.jpg,0
12481.jpg,6
12484.jpg,9
12486.jpg,14
12501.jpg,14
12505.jpg,5
12506.jpg,11
12511.jpg,9
12513.jpg,4
12515.jpg,14
12516.jpg,6
12521.jpg,14
12522.jpg,11
12526.jpg,14
12527.jpg,9
12534.jpg,12
12536.jpg,4
12538.jpg,11
12539.jpg,6
1254.jpg,8
12545.jpg,14
12546.jpg,9
12548.jpg,9
1255.jpg,0
12553.jpg,4
12559.jpg,14
12568.jpg,6
12575.jpg,5
12578.jpg,11
12583.jpg,4
12585.jpg,5
12587.jpg,4
12588.jpg,0
12595.jpg,6
12597.jpg,4
12605.jpg,2
12606.jpg,4
12607.jpg,2
12609.jpg,5
12611.jpg,14
12614.jpg,14
12619.jpg,9
12620.jpg,11
12621.jpg,3
12625.jpg,14
12626.jpg,12
12630.jpg,9
12632.jpg,14
12641.jpg,0
12646.jpg,4
1265.jpg,6
12653.jpg,9
1266.jpg,16
12666.jpg,11
12671.jpg,11
12672.jpg,6
12679.jpg,0
12680.jpg,9
12681.jpg,11
12684.jpg,11
12687.jpg,9
12692.jpg,0
12693.jpg,11
12694.jpg,4
12698.jpg,13
12701.jpg,4
12703.jpg,9
12704.jpg,4
12708.jpg,4
12712.jpg,4
12714.jpg,6
12716.jpg,6
12726.jpg,0
12728.jpg,14
12729.jpg,9
12734.jpg,11
12736.jpg,4
12740.jpg,6
12743.jpg,14
12750.jpg,14
12754.jpg,4
12757.jpg,5
12758.jpg,4
12759.jpg,9
1276.jpg,12
12762.jpg,14
12764.jpg,3
12766.jpg,14
12768.jpg,4
12770.jpg,14
12771.jpg,4
12772.jpg,14
12773.jpg,2
12774.jpg,4
12782.jpg,12
12783.jpg,14
12787.jpg,14
12793.jpg,0
12794.jpg,9
128.jpg,14
12806.jpg,14
12809.jpg,9
12811.jpg,4
12812.jpg,11
12816.jpg,13
12818.jpg,14
12819.jpg,9
1282.jpg,14
12822.jpg,5
12824.jpg,4
12827.jpg,9
1283.jpg,12
12832.jpg,14
12835.jpg,0
12836.jpg,4
12838.jpg,14
12839.jpg,6
12845.jpg,14
12848.jpg,11
12852.jpg,6
12855.jpg,14
12857.jpg,14
12858.jpg,6
12861.jpg,14
12862.jpg,9
12865.jpg,9
12871.jpg,6
12872.jpg,11
12875.jpg,9
12876.jpg,9
12881.jpg,4
12887.jpg,13
12895.jpg,2
12898.jpg,14
12908.jpg,4
12910.jpg,4
12911.jpg,6
12913.jpg,6
12914.jpg,12
12917.jpg,11
12919.jpg,4
1292.jpg,11
12931.jpg,9
12932.jpg,9
1294.jpg,12
12941.jpg,3
12949.jpg,14
12951.jpg,14
12957.jpg,14
12962.jpg,9
12963.jpg,4
12964.jpg,5
12977.jpg,11
12978.jpg,11
12980.jpg,6
12983.jpg,5
12988.jpg,14
12989.jpg,9
12994.jpg,6
12997.jpg,14
13002.jpg,0
13003.jpg,9
1301.jpg,11
13013.jpg,4
13015.jpg,11
13034.jpg,4
13041.jpg,9
13042.jpg,9
13047.jpg,11
13049.jpg,14
13050.jpg,14
13051.jpg,14
13052.jpg,14
13054.jpg,5
13055.jpg,16
13056.jpg,0
13058.jpg,4
13061.jpg,2
13062.jpg,11
13063.jpg,9
13065.jpg,14
13067.jpg,0
1307.jpg,14
13070.jpg,10
13071.jpg,4
13074.jpg,11
13078.jpg,4
1308.jpg,4
13081.jpg,14
13086.jpg,14
13096.jpg,14
13099.jpg,4
131.jpg,5
13105.jpg,5
13108.jpg,2
13110.jpg,3
13116.jpg,0
13119.jpg,12
13131.jpg,4
13132.jpg,4
13138.jpg,0
13140.jpg,12
13143.jpg,5
13147.jpg,0
13151.jpg,4
13157.jpg,16
13159.jpg,13
13160.jpg,6
13163.jpg,9
13171.jpg,0
13179.jpg,3
13181.jpg,9
13186.jpg,11
13189.jpg,14
1319.jpg,4
13192.jpg,14
13197.jpg,4
132.jpg,5
13200.jpg,0
13205.jpg,14
13207.jpg,13
13208.jpg,4
13209.jpg,13
1321.jpg,8
13218.jpg,11
13224.jpg,4
13227.jpg,9
13230.jpg,11
13234.jpg,0
13246.jpg,13
13249.jpg,6
13252.jpg,9
13255.jpg,14
1326.jpg,0
13264.jpg,12
13268.jpg,5
13269.jpg,14
1328.jpg,14
13280.jpg,14
13281.jpg,4
13284.jpg,5
13286.jpg,11
13289.jpg,11
13293.jpg,4
13296.jpg,8
13298.jpg,3
13299.jpg,4
13301.jpg,6
13306.jpg,5
13307.jpg,6
13308.jpg,14
13311.jpg,11
13312.jpg,14
13315.jpg,6
13316.jpg,2
13318.jpg,4
13322.jpg,14
13327.jpg,13
1333.jpg,12
13331.jpg,4
13332.jpg,9
13334.jpg,4
13335.jpg,14
13336.jpg,14
1334.jpg,5
13340.jpg,9
13348.jpg,6
13352.jpg,11
13353.jpg,11
13354.jpg,10
13357.jpg,5
13358.jpg,0
13359.jpg,14
1336.jpg,14
13362.jpg,14
13364.jpg,4
13374.jpg,8
13387.jpg,5
13390.jpg,4
13394.jpg,6
13397.jpg,14
13398.jpg,4
134.jpg,4
13400.jpg,14
13401.jpg,11
13403.jpg,4
13405.jpg,6
1341.jpg,6
13412.jpg,5
13420.jpg,14
13423.jpg,4
13424.jpg,8
13425.jpg,14
13427.jpg,11
13428.jpg,14
13429.jpg,6
13434.jpg,4
13435.jpg,13
13437.jpg,16
13439.jpg,4
13445.jpg,13
13446.jpg,14
1345.jpg,9
13452.jpg,14
13453.jpg,4
1346.jpg,4
13462.jpg,4
13463.jpg,6
13466.jpg,5
13468.jpg,8
13469.jpg,14
13470.jpg,4
13474.jpg,14
13478.jpg,4
13484.jpg,5
13487.jpg,14
1349.jpg,10
13493.jpg,13
13494.jpg,0
13498.jpg,14
13502.jpg,11
13509.jpg,10
1351.jpg,14
13512.jpg,3
13513.jpg,9
1352.jpg,14
13521.jpg,6
13523.jpg,4
13529.jpg,4
13530.jpg,9
13531.jpg,14
13536.jpg,13
1354.jpg,14
13542.jpg,11
13543.jpg,4
13546.jpg,9
13555.jpg,14
13556.jpg,14
13570.jpg,14
13571.jpg,11
13572.jpg,9
13574.jpg,4
13576.jpg,6
13578.jpg,13
1358.jpg,14
13583.jpg,14
13584.jpg,8
13589.jpg,6
1359.jpg,14
13593.jpg,11
13595.jpg,9
13596.jpg,6
13597.jpg,6
136.jpg,6
1360.jpg,4
13600.jpg,14
13606.jpg,14
13608.jpg,5
13612.jpg,14
13613.jpg,9
13615.jpg,6
13622.jpg,14
13624.jpg,14
13628.jpg,14
13631.jpg,13
1364.jpg,12
13643.jpg,18
13645.jpg,0
13646.jpg,14
13647.jpg,9
1365.jpg,0
13653.jpg,6
13657.jpg,14
13659.jpg,4
13660.jpg,14
13665.jpg,9
13675.jpg,16
13677.jpg,13
13682.jpg,6
13683.jpg,4
13684.jpg,4
13685.jpg,11
13687.jpg,4
13699.jpg,14
13702.jpg,5
13703.jpg,5
13704.jpg,14
13712.jpg,16
13716.jpg,0
13717.jpg,6
13720.jpg,9
13724.jpg,4
13727.jpg,13
13733.jpg,12
13741.jpg,4
13745.jpg,4
13748.jpg,4
13751.jpg,4
13758.jpg,6
13759.jpg,0
13764.jpg,4
13765.jpg,6
13768.jpg,9
13772.jpg,6
13774.jpg,14
13778.jpg,4
13779.jpg,14
1378.jpg,4
13784.jpg,6
13786.jpg,14
13787.jpg,9
1379.jpg,13
13791.jpg,14
13794.jpg,4
13799.jpg,9
138.jpg,3
13802.jpg,14
13804.jpg,0
13805.jpg,5
13810.jpg,0
13812.jpg,6
13815.jpg,5
13816.jpg,6
13817.jpg,8
13819.jpg,3
1382.jpg,4
13824.jpg,13
13828.jpg,13
1383.jpg,14
13837.jpg,4
13838.jpg,14
1384.jpg,14
13846.jpg,14
13850.jpg,14
13851.jpg,0
13853.jpg,14
13855.jpg,3
13857.jpg,14
1386.jpg,14
1387.jpg,14
13871.jpg,13
13873.jpg,14
13884.jpg,2
13890.jpg,4
13891.jpg,4
13894.jpg,3
13895.jpg,6
13896.jpg,14
13897.jpg,9
13899.jpg,0
1390.jpg,14
13903.jpg,5
13904.jpg,11
13905.jpg,4
13913.jpg,8
13914.jpg,0
13915.jpg,9
13917.jpg,14
13918.jpg,9
13921.jpg,14
13926.jpg,11
13929.jpg,4
13931.jpg,14
13944.jpg,4
13945.jpg,14
13946.jpg,14
13948.jpg,16
13954.jpg,11
13956.jpg,14
13964.jpg,4
13967.jpg,14
13968.jpg,0
13969.jpg,4
1397.jpg,14
13971.jpg,4
13974.jpg,2
13978.jpg,6
13981.jpg,14
13986.jpg,16
13987.jpg,4
13988.jpg,4
13993.jpg,13
13994.jpg,14
13999.jpg,0
14.jpg,11
1400.jpg,3
14003.jpg,14
14004.jpg,9
14008.jpg,14
14009.jpg,14
14011.jpg,9
14012.jpg,4
14015.jpg,9
1402.jpg,14
14020.jpg,0
14022.jpg,11
14027.jpg,4
14030.jpg,11
14035.jpg,14
14036.jpg,14
1404.jpg,14
14041.jpg,14
14043.jpg,10
14047.jpg,14
14048.jpg,4
1405.jpg,14
14055.jpg,4
14057.jpg,0
14064.jpg,14
14068.jpg,2
14073.jpg,16
14074.jpg,14
14079.jpg,4
14080.jpg,14
14081.jpg,9
14082.jpg,9
14083.jpg,12
14084.jpg,14
14086.jpg,14
14088.jpg,14
14093.jpg,2
14094.jpg,5
14095.jpg,12
14101.jpg,4
14107.jpg,8
14108.jpg,2
14109.jpg,13
14117.jpg,9
14120.jpg,2
14124.jpg,13
14125.jpg,13
14128.jpg,4
14129.jpg,11
14137.jpg,6
14139.jpg,14
14140.jpg,14
14144.jpg,4
14145.jpg,11
14146.jpg,4
14147.jpg,14
1415.jpg,2
14150.jpg,2
14151.jpg,4
14159.jpg,14
14163.jpg,14
14164.jpg,2
1417.jpg,9
14172.jpg,4
14173.jpg,14
14175.jpg,4
14180.jpg,9
14181.jpg,11
14182.jpg,4
14185.jpg,11
14187.jpg,3
14188.jpg,14
14189.jpg,0
14192.jpg,14
14194.jpg,6
14198.jpg,4
14207.jpg,4
14208.jpg,6
14210.jpg,5
14211.jpg,6
14212.jpg,0
14215.jpg,13
14217.jpg,14
14224.jpg,4
14225.jpg,9
14237.jpg,9
14238.jpg,11
14243.jpg,2
14244.jpg,4
14247.jpg,6
1425.jpg,14
14253.jpg,10
14254.jpg,14
14257.jpg,9
1427.jpg,0
14271.jpg,14
14279.jpg,4
1428.jpg,14
14281.jpg,5
14282.jpg,4
1429.jpg,4
14294.jpg,14
14298.jpg,14
1430.jpg,6
14302.jpg,11
14307.jpg,9
14308.jpg,2
14312.jpg,14
14313.jpg,14
14314.jpg,11
14318.jpg,9
14324.jpg,8
14328.jpg,14
14332.jpg,12
14335.jpg,11
14336.jpg,3
1434.jpg,9
14341.jpg,5
14344.jpg,14
14345.jpg,5
14349.jpg,14
14352.jpg,9
14358.jpg,6
14359.jpg,6
14375.jpg,14
14379.jpg,14
14381.jpg,4
14390.jpg,18
1440.jpg,4
14401.jpg,5
14413.jpg,0
14417.jpg,12
14419.jpg,9
14422.jpg,14
14423.jpg,2
14424.jpg,11
1443.jpg,4
14433.jpg,14
14436.jpg,14
14437.jpg,9
14438.jpg,9
14439.jpg,11
14456.jpg,14
14460.jpg,0
14465.jpg,4
14466.jpg,11
14467.jpg,4
14469.jpg,0
1447.jpg,14
14474.jpg,8
14475.jpg,14
14478.jpg,14
14482.jpg,4
14484.jpg,14
14498.jpg,11
1450.jpg,14
14508.jpg,5
14510.jpg,4
14514.jpg,6
14524.jpg,14
14526.jpg,4
14530.jpg,10
14531.jpg,11
14537.jpg,14
14539.jpg,11
14542.jpg,6
14547.jpg,8
14552.jpg,14
14553.jpg,6
14555.jpg,3
14556.jpg,14
14563.jpg,0
14564.jpg,9
14566.jpg,2
14568.jpg,12
14570.jpg,4
14585.jpg,11
1459.jpg,0
14592.jpg,11
14593.jpg,0
14599.jpg,14
14600.jpg,4
14603.jpg,5
14605.jpg,14
1461.jpg,0
14611.jpg,14
14613.jpg,14
14617.jpg,4
14618.jpg,4
1462.jpg,6
14620.jpg,13
14621.jpg,14
14628.jpg,0
14629.jpg,14
14631.jpg,4
14636.jpg,4
14640.jpg,9
14642.jpg,4
14644.jpg,14
14645.jpg,6
14649.jpg,5
1465.jpg,4
14655.jpg,14
14661.jpg,0
14666.jpg,9
14671.jpg,14
14672.jpg,8
14675.jpg,9
14676.jpg,14
14680.jpg,4
14684.jpg,4
14685.jpg,10
14686.jpg,4
14688.jpg,14
14690.jpg,6
14691.jpg,4
14702.jpg,12
14707.jpg,14
14715.jpg,2
14716.jpg,10
14724.jpg,14
1473.jpg,6
14733.jpg,4
14736.jpg,5
14737.jpg,4
14738.jpg,8
14739.jpg,5
14740.jpg,4
14745.jpg,14
14749.jpg,12
1475.jpg,9
14752.jpg,6
14755.jpg,11
14759.jpg,14
14760.jpg,4
14763.jpg,3
14765.jpg,13
14766.jpg,4
14776.jpg,9
14777.jpg,6
14778.jpg,4
14782.jpg,6
14788.jpg,10
14789.jpg,13
14792.jpg,9
14794.jpg,9
14797.jpg,6
14804.jpg,13
14807.jpg,14
14810.jpg,6
14813.jpg,5
14816.jpg,4
14819.jpg,6
1482.jpg,4
14823.jpg,3
14825.jpg,4
14827.jpg,6
14830.jpg,4
14831.jpg,6
14837.jpg,18
1484.jpg,14
14840.jpg,6
14841.jpg,14
14853.jpg,9
14854.jpg,0
14855.jpg,2
1486.jpg,11
14860.jpg,6
14865.jpg,11
1487.jpg,4
14878.jpg,0
14879.jpg,9
14882.jpg,4
14884.jpg,14
14888.jpg,14
1489.jpg,9
14892.jpg,4
14894.jpg,4
14895.jpg,4
1490.jpg,14
14901.jpg,12
14903.jpg,11
14905.jpg,11
14912.jpg,11
14915.jpg,14
14918.jpg,4
1492.jpg,14
14921.jpg,14
14926.jpg,11
14927.jpg,4
14929.jpg,14
14933.jpg,14
14938.jpg,11
14942.jpg,14
14944.jpg,14
14946.jpg,9
14950.jpg,12
14951.jpg,14
14954.jpg,6
14956.jpg,6
14963.jpg,13
14964.jpg,4
14966.jpg,10
14973.jpg,6
14976.jpg,14
14978.jpg,16
14982.jpg,0
14986.jpg,14
14988.jpg,6
14990.jpg,4
14991.jpg,10
14993.jpg,14
14994.jpg,14
14997.jpg,11
15.jpg,14
15001.jpg,14
15006.jpg,14
15010.jpg,6
15011.jpg,9
15012.jpg,6
15017.jpg,4
15022.jpg,6
15025.jpg,4
15027.jpg,4
15028.jpg,3
1503.jpg,6
15031.jpg,0
15033.jpg,14
15038.jpg,6
15040.jpg,9
15044.jpg,10
15046.jpg,10
15054.jpg,6
15055.jpg,6
15061.jpg,4
15062.jpg,4
15063.jpg,8
15064.jpg,4
15065.jpg,0
15067.jpg,6
15070.jpg,0
15075.jpg,11
1508.jpg,13
15080.jpg,6
15082.jpg,4
15087.jpg,14
15092.jpg,6
15093.jpg,0
15096.jpg,8
151.jpg,11
15110.jpg,6
1512.jpg,10
15121.jpg,14
15124.jpg,14
15126.jpg,11
15135.jpg,14
15136.jpg,14
15137.jpg,4
15141.jpg,4
15142.jpg,9
15144.jpg,14
1515.jpg,6
15150.jpg,0
15155.jpg,11
15157.jpg,14
1516.jpg,4
15160.jpg,4
15162.jpg,5
15164.jpg,4
15165.jpg,4
15167.jpg,4
1517.jpg,9
15179.jpg,6
15182.jpg,4
15183.jpg,14
15185.jpg,12
15189.jpg,14
15190.jpg,6
15195.jpg,4
15197.jpg,11
152.jpg,9
15206.jpg,0
15207.jpg,11
15209.jpg,4
15214.jpg,4
1522.jpg,6
15220.jpg,13
15222.jpg,14
15223.jpg,9
15226.jpg,4
15227.jpg,10
1523.jpg,4
15232.jpg,0
15236.jpg,6
15240.jpg,4
15241.jpg,14
15248.jpg,0
1525.jpg,9
15250.jpg,4
15251.jpg,6
15254.jpg,0
15260.jpg,14
15262.jpg,4
15264.jpg,4
15265.jpg,6
15268.jpg,11
1527.jpg,14
15270.jpg,9
15271.jpg,6
15272.jpg,13
15278.jpg,14
15281.jpg,4
15284.jpg,5
15288.jpg,11
15291.jpg,9
15292.jpg,6
15294.jpg,4
15298.jpg,4
15299.jpg,4
1530.jpg,14
15301.jpg,4
15309.jpg,6
15314.jpg,6
1532.jpg,4
15321.jpg,13
15322.jpg,11
15335.jpg,14
15338.jpg,2
15339.jpg,0
15343.jpg,14
15351.jpg,2
15352.jpg,14
15360.jpg,5
15361.jpg,9
15364.jpg,4
15366.jpg,14
15367.jpg,14
15368.jpg,14
15369.jpg,4
15373.jpg,4
15377.jpg,14
15380.jpg,14
15383.jpg,0
15384.jpg,14
15388.jpg,6
15391.jpg,4
15395.jpg,3
15400.jpg,10
15403.jpg,5
15404.jpg,4
15406.jpg,14
15408.jpg,4
15410.jpg,4
15411.jpg,4
15413.jpg,6
15414.jpg,14
15415.jpg,6
15425.jpg,13
15426.jpg,0
15427.jpg,14
15430.jpg,13
15433.jpg,4
15436.jpg,4
15437.jpg,4
1544.jpg,16
15445.jpg,4
15449.jpg,14
15452.jpg,6
15462.jpg,5
15463.jpg,14
15468.jpg,6
1547.jpg,14
15477.jpg,4
15478.jpg,4
15479.jpg,14
15483.jpg,4
15485.jpg,0
15489.jpg,14
1549.jpg,14
15493.jpg,4
15494.jpg,10
15497.jpg,4
15498.jpg,14
15500.jpg,3
15501.jpg,5
15502.jpg,5
15512.jpg,11
15523.jpg,9
15525.jpg,14
15527.jpg,14
15528.jpg,6
1553.jpg,13
15531.jpg,14
15533.jpg,4
15537.jpg,0
15540.jpg,6
15541.jpg,6
15543.jpg,6
15544.jpg,11
15545.jpg,12
15551.jpg,11
15554.jpg,3
15556.jpg,0
15558.jpg,4
15561.jpg,14
15564.jpg,12
15565.jpg,6
15566.jpg,4
15567.jpg,14
15569.jpg,14
15572.jpg,12
15573.jpg,5
1558.jpg,4
15584.jpg,14
15588.jpg,11
1559.jpg,11
15592.jpg,11
15593.jpg,0
15594.jpg,14
15599.jpg,9
1560.jpg,4
15600.jpg,14
15606.jpg,5
15612.jpg,14
15615.jpg,5
15617.jpg,4
15618.jpg,3
15620.jpg,11
15625.jpg,14
15628.jpg,9
15631.jpg,11
15636.jpg,4
15639.jpg,4
15643.jpg,13
15644.jpg,3
15645.jpg,3
15648.jpg,14
15649.jpg,14
1565.jpg,6
15656.jpg,12
15657.jpg,14
1566.jpg,14
15660.jpg,4
15663.jpg,14
15665.jpg,14
15666.jpg,14
15667.jpg,4
15673.jpg,0
15677.jpg,14
15679.jpg,6
1568.jpg,11
15680.jpg,12
15698.jpg,4
15702.jpg,9
15705.jpg,5
1571.jpg,14
15711.jpg,4
15715.jpg,4
15718.jpg,0
1572.jpg,0
15722.jpg,14
15724.jpg,4
15726.jpg,0
15728.jpg,14
1573.jpg,14
15731.jpg,9
15735.jpg,4
15736.jpg,4
15741.jpg,4
15742.jpg,4
15743.jpg,10
15744.jpg,14
15753.jpg,3
15757.jpg,6
15761.jpg,4
15762.jpg,11
15763.jpg,4
15764.jpg,4
15765.jpg,4
15766.jpg,14
15767.jpg,12
15769.jpg,4
1578.jpg,13
15780.jpg,11
15784.jpg,4
15792.jpg,9
15793.jpg,0
15795.jpg,14
15796.jpg,14
15797.jpg,14
15800.jpg,12
15807.jpg,14
15809.jpg,9
15810.jpg,13
15813.jpg,9
15818.jpg,4
1582.jpg,14
15821.jpg,6
15824.jpg,11
15832.jpg,6
15847.jpg,9
15849.jpg,4
1585.jpg,4
15854.jpg,10
15855.jpg,4
15862.jpg,14
15864.jpg,4
15866.jpg,0
15871.jpg,9
15873.jpg,6
15880.jpg,4
15882.jpg,11
15883.jpg,5
15888.jpg,14
15894.jpg,4
15899.jpg,4
15905.jpg,4
15906.jpg,6
15915.jpg,6
1592.jpg,4
15924.jpg,14
15929.jpg,4
15930.jpg,4
15934.jpg,4
15941.jpg,4
15944.jpg,6
15948.jpg,16
1595.jpg,14
15950.jpg,4
15952.jpg,6
15953.jpg,6
15959.jpg,14
15964.jpg,9
15969.jpg,2
15970.jpg,4
15972.jpg,4
15979.jpg,11
15981.jpg,14
15982.jpg,6
15985.jpg,4
15990.jpg,4
15991.jpg,5
15997.jpg,3
160.jpg,0
1600.jpg,2
16004.jpg,9
16008.jpg,14
16009.jpg,14
16014.jpg,9
16016.jpg,14
16018.jpg,6
16019.jpg,4
16021.jpg,14
16022.jpg,6
16023.jpg,3
16025.jpg,11
16033.jpg,14
16036.jpg,4
1604.jpg,11
16041.jpg,5
16042.jpg,4
16044.jpg,14
16045.jpg,11
16050.jpg,4
16054.jpg,6
16055.jpg,6
16056.jpg,11
16062.jpg,6
16064.jpg,6
16065.jpg,0
16067.jpg,0
16070.jpg,14
16071.jpg,14
16075.jpg,14
16078.jpg,9
16079.jpg,14
1608.jpg,2
16083.jpg,4
16085.jpg,14
1609.jpg,16
16090.jpg,14
16092.jpg,14
16097.jpg,9
16113.jpg,14
16114.jpg,4
16121.jpg,11
16123.jpg,3
16127.jpg,9
16128.jpg,11
1613.jpg,4
16137.jpg,16
1614.jpg,3
16142.jpg,4
16149.jpg,18
16153.jpg,4
16154.jpg,4
16156.jpg,11
16157.jpg,3
16158.jpg,11
16159.jpg,14
16161.jpg,12
16162.jpg,4
16167.jpg,14
1617.jpg,0
16175.jpg,11
16176.jpg,9
16179.jpg,4
1618.jpg,14
16180.jpg,10
16184.jpg,0
16187.jpg,6
16191.jpg,4
16193.jpg,14
16195.jpg,4
16196.jpg,14
16197.jpg,0
16207.jpg,14
1621.jpg,2
16221.jpg,14
16224.jpg,13
16228.jpg,3
16232.jpg,4
16234.jpg,4
16238.jpg,14
1624.jpg,9
16242.jpg,0
16249.jpg,10
16250.jpg,14
16259.jpg,9
16260.jpg,4
16262.jpg,4
16265.jpg,14
16267.jpg,4
16268.jpg,4
16269.jpg,4
16272.jpg,14
16275.jpg,14
16277.jpg,11
16278.jpg,5
16287.jpg,9
16293.jpg,4
16298.jpg,11
16311.jpg,11
16312.jpg,14
16317.jpg,2
16318.jpg,11
1632.jpg,4
16320.jpg,6
16321.jpg,11
16322.jpg,2
16327.jpg,0
16328.jpg,13
1633.jpg,11
16333.jpg,8
16337.jpg,5
1634.jpg,9
16340.jpg,14
16343.jpg,4
16345.jpg,6
16347.jpg,4
1635.jpg,4
16350.jpg,14
16354.jpg,8
16355.jpg,14
16357.jpg,14
16359.jpg,4
16360.jpg,14
16362.jpg,14
16363.jpg,14
16365.jpg,0
16366.jpg,14
1637.jpg,14
16373.jpg,14
16374.jpg,4
16376.jpg,4
16378.jpg,14
1638.jpg,14
16381.jpg,4
16383.jpg,18
16385.jpg,14
16387.jpg,4
16389.jpg,6
16391.jpg,11
16392.jpg,4
16395.jpg,4
16397.jpg,9
16399.jpg,14
16402.jpg,14
16405.jpg,0
16409.jpg,0
1641.jpg,14
16412.jpg,9
16417.jpg,9
16419.jpg,2
16420.jpg,4
16421.jpg,5
16425.jpg,4
16426.jpg,14
1643.jpg,6
16433.jpg,4
16436.jpg,2
16439.jpg,14
16443.jpg,4
16444.jpg,4
16447.jpg,14
1645.jpg,6
16450.jpg,5
16457.jpg,9
16464.jpg,14
16465.jpg,9
1647.jpg,14
16470.jpg,4
16478.jpg,14
16488.jpg,14
16491.jpg,18
16492.jpg,14
16495.jpg,4
16497.jpg,14
1650.jpg,4
16501.jpg,18
16502.jpg,6
16503.jpg,8
16505.jpg,14
16506.jpg,6
16507.jpg,4
1651.jpg,4
16515.jpg,11
16519.jpg,14
16522.jpg,11
16523.jpg,6
16527.jpg,11
1653.jpg,3
16534.jpg,14
16538.jpg,14
16539.jpg,5
1654.jpg,14
16544.jpg,0
16546.jpg,14
16547.jpg,6
16550.jpg,9
1656.jpg,4
16562.jpg,14
16567.jpg,9
16580.jpg,9
16585.jpg,14
16586.jpg,14
16591.jpg,13
16594.jpg,2
16596.jpg,2
16598.jpg,4
1660.jpg,0
16608.jpg,4
16609.jpg,14
16612.jpg,14
16613.jpg,4
1662.jpg,9
1663.jpg,9
16632.jpg,14
16633.jpg,4
16635.jpg,9
16636.jpg,2
16640.jpg,11
16641.jpg,6
16643.jpg,12
16644.jpg,0
16653.jpg,6
16654.jpg,3
16662.jpg,9
16665.jpg,14
16675.jpg,4
16677.jpg,14
16679.jpg,4
16680.jpg,4
16688.jpg,14
16689.jpg,8
16693.jpg,0
16694.jpg,6
16697.jpg,4
16701.jpg,14
16708.jpg,9
16710.jpg,14
16711.jpg,14
1672.jpg,10
16721.jpg,14
16727.jpg,11
16732.jpg,11
16735.jpg,6
1674.jpg,9
16741.jpg,4
16742.jpg,3
16749.jpg,2
16751.jpg,18
16754.jpg,9
16756.jpg,11
16758.jpg,14
16759.jpg,3
16764.jpg,4
16771.jpg,9
16774.jpg,11
16777.jpg,14
16780.jpg,14
16781.jpg,6
1679.jpg,6
16795.jpg,4
16797.jpg,3
16798.jpg,9
1680.jpg,10
16800.jpg,4
16819.jpg,12
16823.jpg,9
16824.jpg,6
16825.jpg,4
1683.jpg,2
16830.jpg,3
16834.jpg,14
16835.jpg,11
16837.jpg,9
16841.jpg,2
16845.jpg,0
16846.jpg,4
16848.jpg,4
16853.jpg,9
16857.jpg,6
16860.jpg,11
16864.jpg,5
16870.jpg,14
16878.jpg,4
16880.jpg,14
16882.jpg,11
16883.jpg,4
16884.jpg,14
16886.jpg,14
16889.jpg,14
16890.jpg,4
16897.jpg,14
16901.jpg,14
16905.jpg,13
16906.jpg,6
16908.jpg,11
1691.jpg,2
16913.jpg,4
16916.jpg,14
16918.jpg,14
16919.jpg,11
16924.jpg,3
16925.jpg,4
16926.jpg,3
16929.jpg,0
16934.jpg,4
16937.jpg,0
16939.jpg,14
16941.jpg,5
16942.jpg,14
16952.jpg,9
16953.jpg,4
16955.jpg,9
16957.jpg,9
16959.jpg,2
1696.jpg,14
16963.jpg,11
1697.jpg,9
16970.jpg,14
16973.jpg,0
16977.jpg,14
16978.jpg,11
16980.jpg,4
16985.jpg,9
16987.jpg,14
16991.jpg,14
16993.jpg,4
16996.jpg,13
170.jpg,9
1700.jpg,14
17000.jpg,4
17002.jpg,14
17004.jpg,0
17012.jpg,0
17013.jpg,0
17015.jpg,5
17028.jpg,0
17029.jpg,4
1703.jpg,4
17030.jpg,9
17033.jpg,14
17035.jpg,4
17037.jpg,0
17042.jpg,14
17046.jpg,0
17047.jpg,6
1705.jpg,9
17052.jpg,2
17056.jpg,6
17057.jpg,11
17058.jpg,0
1706.jpg,4
17066.jpg,6
17069.jpg,4
17070.jpg,14
17073.jpg,5
17074.jpg,14
17078.jpg,9
17082.jpg,9
17085.jpg,4
17091.jpg,6
17092.jpg,5
17093.jpg,6
17097.jpg,0
171.jpg,14
1710.jpg,9
17103.jpg,6
17106.jpg,4
17110.jpg,12
17116.jpg,0
17118.jpg,6
17119.jpg,0
17120.jpg,14
17129.jpg,14
17131.jpg,14
17133.jpg,11
17137.jpg,6
17140.jpg,11
17143.jpg,6
17144.jpg,4
17148.jpg,4
17149.jpg,9
17152.jpg,6
17156.jpg,6
17158.jpg,11
1716.jpg,4
17164.jpg,5
17165.jpg,6
17171.jpg,14
17179.jpg,4
17180.jpg,0
17183.jpg,4
17184.jpg,11
17185.jpg,5
17187.jpg,4
17191.jpg,14
17199.jpg,14
172.jpg,14
17202.jpg,4
17204.jpg,6
17209.jpg,11
17211.jpg,9
17212.jpg,14
17216.jpg,14
1722.jpg,4
17222.jpg,4
17226.jpg,13
17238.jpg,16
1724.jpg,14
17242.jpg,4
17247.jpg,14
1725.jpg,14
17250.jpg,9
17251.jpg,0
17253.jpg,9
17256.jpg,5
17259.jpg,4
17260.jpg,2
17262.jpg,14
17268.jpg,14
1727.jpg,6
17273.jpg,14
17282.jpg,14
17285.jpg,4
17286.jpg,13
1729.jpg,11
17290.jpg,4
17298.jpg,0
173.jpg,14
17303.jpg,0
17304.jpg,11
17313.jpg,14
17321.jpg,14
17331.jpg,14
1734.jpg,6
17345.jpg,4
17346.jpg,0
17348.jpg,3
1735.jpg,9
17350.jpg,0
17352.jpg,14
17354.jpg,6
17356.jpg,6
17360.jpg,0
17362.jpg,4
17366.jpg,14
17369.jpg,5
17372.jpg,14
17374.jpg,14
17377.jpg,4
17378.jpg,8
1738.jpg,14
17385.jpg,14
17389.jpg,4
1739.jpg,9
17400.jpg,4
17401.jpg,4
17405.jpg,4
17409.jpg,14
17413.jpg,4
17415.jpg,6
1742.jpg,8
17421.jpg,14
17426.jpg,6
17427.jpg,14
17435.jpg,14
17440.jpg,5
17443.jpg,4
17444.jpg,5
17445.jpg,4
1745.jpg,12
17453.jpg,14
17456.jpg,8
17458.jpg,3
1746.jpg,14
17463.jpg,4
17467.jpg,14
17468.jpg,14
17478.jpg,11
1748.jpg,9
17481.jpg,4
17483.jpg,4
17484.jpg,11
17485.jpg,12
17486.jpg,4
17489.jpg,5
17491.jpg,6
17496.jpg,14
17501.jpg,8
17503.jpg,14
17504.jpg,4
17505.jpg,5
17506.jpg,5
1751.jpg,4
17511.jpg,4
17514.jpg,11
17519.jpg,0
1752.jpg,11
17520.jpg,14
17522.jpg,4
17524.jpg,11
17525.jpg,6
17530.jpg,13
17532.jpg,6
17536.jpg,12
1754.jpg,6
17544.jpg,5
17548.jpg,3
1755.jpg,4
17557.jpg,4
17558.jpg,4
17563.jpg,16
17569.jpg,14
17570.jpg,13
17578.jpg,4
17588.jpg,0
17591.jpg,4
17593.jpg,9
17594.jpg,6
17595.jpg,4
17599.jpg,6
176.jpg,6
17602.jpg,0
17607.jpg,4
1761.jpg,4
17613.jpg,14
17619.jpg,14
17623.jpg,0
17624.jpg,9
17629.jpg,0
1763.jpg,4
17635.jpg,12
17638.jpg,0
1764.jpg,14
17640.jpg,4
17648.jpg,14
17649.jpg,14
17651.jpg,5
17653.jpg,4
17658.jpg,4
17659.jpg,9
17660.jpg,9
17661.jpg,0
17663.jpg,0
17664.jpg,0
17673.jpg,5
17679.jpg,14
17686.jpg,11
17688.jpg,0
17692.jpg,14
17693.jpg,11
17695.jpg,10
17696.jpg,2
17697.jpg,6
17698.jpg,6
1770.jpg,9
17700.jpg,14
17704.jpg,4
17707.jpg,4
17709.jpg,11
1771.jpg,6
17711.jpg,16
17714.jpg,3
17717.jpg,14
17720.jpg,11
17722.jpg,12
17724.jpg,0
17725.jpg,4
17727.jpg,4
17728.jpg,9
1773.jpg,14
17730.jpg,11
17735.jpg,14
17736.jpg,4
17737.jpg,9
17738.jpg,4
17741.jpg,14
17742.jpg,6
17743.jpg,6
17748.jpg,9
17749.jpg,9
17770.jpg,11
17772.jpg,9
17775.jpg,9
17776.jpg,14
17782.jpg,0
17783.jpg,13
17789.jpg,9
17791.jpg,6
17797.jpg,0
1780.jpg,11
17802.jpg,14
17803.jpg,11
17804.jpg,11
17807.jpg,0
17809.jpg,6
1781.jpg,11
17810.jpg,9
17812.jpg,14
17813.jpg,14
17814.jpg,8
17816.jpg,11
17817.jpg,5
17820.jpg,4
17823.jpg,14
17826.jpg,14
17829.jpg,14
17830.jpg,4
17832.jpg,14
17839.jpg,4
1784.jpg,0
1785.jpg,14
17853.jpg,9
17857.jpg,6
17861.jpg,14
17862.jpg,0
17864.jpg,4
17865.jpg,9
17869.jpg,14
17871.jpg,4
17872.jpg,9
17879.jpg,11
1788.jpg,6
17884.jpg,6
17886.jpg,4
17887.jpg,14
17889.jpg,14
1789.jpg,11
17890.jpg,5
17893.jpg,4
17895.jpg,14
17897.jpg,3
17898.jpg,6
179.jpg,4
17900.jpg,9
17908.jpg,14
17913.jpg,0
17916.jpg,9
17918.jpg,0
17921.jpg,14
17922.jpg,11
17926.jpg,14
17929.jpg,5
17930.jpg,0
17931.jpg,12
17936.jpg,14
17945.jpg,6
17949.jpg,4
17953.jpg,5
17954.jpg,14
17958.jpg,3
17960.jpg,3
17963.jpg,8
17975.jpg,14
17981.jpg,0
17982.jpg,4
17984.jpg,5
17987.jpg,4
17990.jpg,6
17991.jpg,13
17994.jpg,9
17995.jpg,14
17999.jpg,14
180.jpg,14
18003.jpg,9
18004.jpg,9
1801.jpg,9
18017.jpg,6
18020.jpg,5
18025.jpg,6
18028.jpg,6
18029.jpg,14
1806.jpg,11
1807.jpg,8
1808.jpg,5
1809.jpg,4
1810.jpg,6
1812.jpg,10
1817.jpg,6
1825.jpg,11
1833.jpg,13
1837.jpg,3
184.jpg,4
1841.jpg,12
1844.jpg,4
1846.jpg,8
1848.jpg,6
1850.jpg,13
1851.jpg,6
1860.jpg,4
1865.jpg,14
187.jpg,6
1876.jpg,0
1879.jpg,5
188.jpg,4
1881.jpg,0
1884.jpg,4
1887.jpg,14
1894.jpg,6
1896.jpg,4
19.jpg,14
1901.jpg,4
1905.jpg,6
1909.jpg,4
191.jpg,5
1912.jpg,13
1913.jpg,4
1923.jpg,4
1930.jpg,14
1932.jpg,4
1933.jpg,4
1934.jpg,11
1947.jpg,4
1954.jpg,11
1962.jpg,4
1964.jpg,14
1965.jpg,2
1966.jpg,4
1967.jpg,12
1977.jpg,11
1978.jpg,0
1987.jpg,5
1988.jpg,9
199.jpg,13
1990.jpg,4
1995.jpg,11
1996.jpg,4
1997.jpg,14
20.jpg,14
2000.jpg,9
2002.jpg,3
2005.jpg,6
2007.jpg,4
2008.jpg,14
2019.jpg,4
202.jpg,14
2020.jpg,14
2022.jpg,4
2024.jpg,3
2026.jpg,4
2027.jpg,11
203.jpg,5
2032.jpg,3
2045.jpg,14
2046.jpg,5
2047.jpg,4
2049.jpg,14
2051.jpg,4
2052.jpg,11
2055.jpg,0
2062.jpg,4
2063.jpg,12
2064.jpg,6
2068.jpg,14
2069.jpg,10
2072.jpg,5
2077.jpg,9
2081.jpg,14
2083.jpg,14
2095.jpg,6
2098.jpg,6
2101.jpg,4
2102.jpg,14
2104.jpg,9
211.jpg,14
2113.jpg,14
2118.jpg,0
2122.jpg,5
2125.jpg,4
2128.jpg,9
2129.jpg,4
2130.jpg,4
2131.jpg,4
2132.jpg,6
2133.jpg,14
2135.jpg,14
2139.jpg,14
2143.jpg,14
2153.jpg,5
2155.jpg,14
2156.jpg,4
2161.jpg,14
2163.jpg,14
2166.jpg,6
2168.jpg,0
217.jpg,6
2170.jpg,5
2171.jpg,14
2172.jpg,4
2173.jpg,5
2176.jpg,6
2177.jpg,5
2180.jpg,11
2184.jpg,11
2185.jpg,4
2188.jpg,3
2189.jpg,6
219.jpg,12
2190.jpg,0
2194.jpg,12
2196.jpg,13
2198.jpg,14
220.jpg,9
2201.jpg,9
2207.jpg,3
221.jpg,14
2211.jpg,9
2212.jpg,3
2218.jpg,13
2219.jpg,9
2221.jpg,9
2224.jpg,5
2226.jpg,6
2227.jpg,2
2228.jpg,10
2232.jpg,14
2233.jpg,11
2238.jpg,14
224.jpg,0
2245.jpg,10
2246.jpg,4
2249.jpg,10
225.jpg,12
2250.jpg,4
2253.jpg,6
2257.jpg,11
2258.jpg,0
2259.jpg,6
2260.jpg,5
2269.jpg,14
2271.jpg,2
2272.jpg,11
2275.jpg,8
2276.jpg,11
2280.jpg,11
2282.jpg,6
2291.jpg,14
2294.jpg,11
2295.jpg,13
2297.jpg,6
2299.jpg,13
2311.jpg,12
2312.jpg,14
2316.jpg,14
2317.jpg,6
2321.jpg,9
2323.jpg,14
2327.jpg,6
2332.jpg,0
2334.jpg,12
2344.jpg,6
2345.jpg,8
2346.jpg,5
2347.jpg,4
2354.jpg,14
2356.jpg,0
2358.jpg,0
2361.jpg,6
2365.jpg,2
2369.jpg,14
2371.jpg,16
2377.jpg,4
2379.jpg,4
2380.jpg,14
2383.jpg,10
2388.jpg,4
2390.jpg,5
2394.jpg,14
2397.jpg,10
2403.jpg,14
2404.jpg,14
2406.jpg,14
2412.jpg,4
2426.jpg,9
2434.jpg,14
2436.jpg,4
2449.jpg,14
2450.jpg,3
2451.jpg,9
2452.jpg,6
2458.jpg,4
2460.jpg,14
2463.jpg,4
2466.jpg,6
2471.jpg,8
2481.jpg,11
2486.jpg,6
2491.jpg,8
2492.jpg,4
2495.jpg,4
2496.jpg,0
2497.jpg,6
2499.jpg,5
250.jpg,10
2500.jpg,14
2502.jpg,14
2503.jpg,4
2505.jpg,14
2506.jpg,4
251.jpg,4
2515.jpg,14
2519.jpg,0
2521.jpg,14
2526.jpg,5
2527.jpg,14
2529.jpg,14
2530.jpg,5
2532.jpg,9
2534.jpg,11
2537.jpg,11
254.jpg,6
2546.jpg,14
2549.jpg,4
2550.jpg,14
2552.jpg,4
2563.jpg,4
2568.jpg,14
2569.jpg,14
2570.jpg,16
2573.jpg,14
2576.jpg,6
258.jpg,11
2583.jpg,4
2586.jpg,0
2588.jpg,11
2596.jpg,6
2598.jpg,9
2599.jpg,4
2601.jpg,14
2602.jpg,14
2605.jpg,0
2607.jpg,2
2611.jpg,14
2612.jpg,9
2615.jpg,0
262.jpg,12
2623.jpg,14
2624.jpg,14
2627.jpg,13
2631.jpg,9
2632.jpg,11
2635.jpg,5
2636.jpg,6
2637.jpg,11
2638.jpg,4
264.jpg,11
2643.jpg,14
2649.jpg,4
265.jpg,11
2656.jpg,13
2662.jpg,4
2663.jpg,9
2667.jpg,4
2668.jpg,5
2669.jpg,16
2670.jpg,4
2676.jpg,0
268.jpg,6
2680.jpg,14
2682.jpg,4
2683.jpg,14
2692.jpg,5
2695.jpg,0
27.jpg,14
2709.jpg,9
271.jpg,4
2710.jpg,14
2716.jpg,13
2727.jpg,14
2730.jpg,9
2731.jpg,14
2732.jpg,14
2734.jpg,3
2737.jpg,6
2738.jpg,6
2748.jpg,5
2751.jpg,5
2752.jpg,16
2753.jpg,14
2755.jpg,14
2758.jpg,14
2766.jpg,14
2768.jpg,0
2769.jpg,11
2772.jpg,9
278.jpg,9
2780.jpg,4
2784.jpg,14
279.jpg,6
2792.jpg,6
2797.jpg,14
280.jpg,5
2803.jpg,10
2806.jpg,6
2808.jpg,13
2810.jpg,14
2815.jpg,11
2819.jpg,4
2824.jpg,14
2826.jpg,11
2844.jpg,14
2847.jpg,14
285.jpg,4
2853.jpg,5
2854.jpg,16
2855.jpg,14
2859.jpg,6
2861.jpg,12
2862.jpg,14
2864.jpg,0
2869.jpg,9
2870.jpg,9
2871.jpg,4
2873.jpg,4
2877.jpg,4
2883.jpg,0
2887.jpg,9
289.jpg,14
2906.jpg,4
291.jpg,11
2911.jpg,4
2914.jpg,4
2915.jpg,14
2916.jpg,6
2917.jpg,4
2919.jpg,4
2920.jpg,5
2922.jpg,4
2930.jpg,6
2932.jpg,6
2934.jpg,2
2936.jpg,4
2937.jpg,4
2940.jpg,0
2942.jpg,6
2943.jpg,4
295.jpg,6
2952.jpg,4
2957.jpg,14
296.jpg,13
2960.jpg,12
2963.jpg,2
2966.jpg,10
2969.jpg,4
2973.jpg,0
2978.jpg,14
2979.jpg,14
298.jpg,14
2981.jpg,11
2983.jpg,14
2987.jpg,10
2988.jpg,11
2989.jpg,6
2990.jpg,13
2992.jpg,4
2995.jpg,4
2997.jpg,14
3.jpg,4
30.jpg,11
3003.jpg,14
3005.jpg,4
3008.jpg,4
3010.jpg,3
3014.jpg,6
3017.jpg,4
3019.jpg,6
3026.jpg,10
3028.jpg,4
3033.jpg,4
3034.jpg,10
3037.jpg,9
304.jpg,14
3049.jpg,5
3054.jpg,12
3056.jpg,9
3057.jpg,12
3060.jpg,4
3062.jpg,4
3073.jpg,4
3075.jpg,14
3076.jpg,6
3077.jpg,14
3078.jpg,4
3083.jpg,0
3085.jpg,14
3086.jpg,6
3087.jpg,4
309.jpg,16
3093.jpg,11
3094.jpg,14
3097.jpg,4
31.jpg,4
3104.jpg,9
3105.jpg,4
3107.jpg,4
3109.jpg,14
3111.jpg,14
3112.jpg,6
3115.jpg,4
3120.jpg,8
3121.jpg,5
3122.jpg,14
3125.jpg,9
3128.jpg,6
3131.jpg,14
3132.jpg,0
3135.jpg,9
3139.jpg,13
314.jpg,3
3141.jpg,2
3149.jpg,4
3152.jpg,11
3160.jpg,14
3161.jpg,14
3163.jpg,12
3164.jpg,14
3167.jpg,5
3168.jpg,9
3169.jpg,14
317.jpg,6
3170.jpg,14
3173.jpg,4
3177.jpg,4
3182.jpg,14
3190.jpg,14
320.jpg,4
3204.jpg,14
3205.jpg,3
3209.jpg,0
3216.jpg,14
322.jpg,12
3227.jpg,10
323.jpg,8
3231.jpg,14
3246.jpg,4
3249.jpg,14
3251.jpg,8
3255.jpg,4
3256.jpg,18
3266.jpg,9
3267.jpg,0
3269.jpg,14
3270.jpg,9
3272.jpg,14
3275.jpg,14
3276.jpg,14
3283.jpg,14
3284.jpg,14
3295.jpg,14
3296.jpg,6
33.jpg,0
330.jpg,14
3307.jpg,4
3310.jpg,16
3313.jpg,0
3318.jpg,14
3322.jpg,14
3325.jpg,10
3330.jpg,14
3331.jpg,0
3336.jpg,4
3337.jpg,14
3342.jpg,11
3345.jpg,6
3346.jpg,11
3349.jpg,14
335.jpg,4
3350.jpg,14
3351.jpg,6
3352.jpg,14
3353.jpg,4
3358.jpg,6
336.jpg,14
3360.jpg,5
3361.jpg,4
3362.jpg,14
3370.jpg,4
3374.jpg,6
3376.jpg,12
3378.jpg,9
3379.jpg,6
3380.jpg,11
3386.jpg,14
3387.jpg,9
3389.jpg,4
3392.jpg,11
3398.jpg,11
3399.jpg,6
34.jpg,14
3405.jpg,4
3408.jpg,9
3415.jpg,14
3416.jpg,14
3419.jpg,4
342.jpg,4
3426.jpg,4
343.jpg,14
3430.jpg,0
3433.jpg,14
3436.jpg,11
344.jpg,4
3440.jpg,2
3443.jpg,4
3447.jpg,4
3450.jpg,14
3451.jpg,4
3457.jpg,14
3458.jpg,4
3460.jpg,11
3466.jpg,14
3468.jpg,14
3474.jpg,4
3475.jpg,12
348.jpg,14
3482.jpg,3
3485.jpg,14
3486.jpg,6
3489.jpg,12
3493.jpg,11
3497.jpg,13
3498.jpg,14
35.jpg,4
3502.jpg,12
3505.jpg,4
3506.jpg,14
3509.jpg,11
3511.jpg,14
3513.jpg,14
3519.jpg,4
3522.jpg,8
3524.jpg,11
3525.jpg,6
3527.jpg,10
3529.jpg,6
353.jpg,5
3532.jpg,0
3533.jpg,9
3536.jpg,4
3538.jpg,2
354.jpg,4
3541.jpg,6
3543.jpg,0
3545.jpg,4
3546.jpg,13
3548.jpg,14
3549.jpg,5
355.jpg,4
3556.jpg,12
3565.jpg,14
3566.jpg,14
3574.jpg,2
3576.jpg,12
3582.jpg,14
3587.jpg,4
3589.jpg,12
3592.jpg,6
3598.jpg,2
3599.jpg,4
360.jpg,14
3611.jpg,4
3612.jpg,3
3613.jpg,6
3616.jpg,4
362.jpg,0
3625.jpg,6
3629.jpg,14
3637.jpg,14
3638.jpg,6
3639.jpg,13
3643.jpg,4
3644.jpg,12
3645.jpg,9
3646.jpg,4
3649.jpg,6
3651.jpg,4
3656.jpg,12
3659.jpg,4
366.jpg,14
3661.jpg,14
3662.jpg,14
3664.jpg,5
3666.jpg,3
3668.jpg,2
3675.jpg,14
3676.jpg,18
3680.jpg,4
3682.jpg,2
3683.jpg,11
3684.jpg,14
369.jpg,12
3690.jpg,4
370.jpg,14
3701.jpg,16
3702.jpg,0
3710.jpg,3
3713.jpg,11
3714.jpg,12
3716.jpg,11
3718.jpg,9
3719.jpg,14
3723.jpg,14
3724.jpg,6
3725.jpg,14
3735.jpg,11
3736.jpg,12
3745.jpg,4
3746.jpg,6
3749.jpg,9
375.jpg,3
3751.jpg,14
3752.jpg,5
3756.jpg,0
3759.jpg,4
376.jpg,0
3761.jpg,14
3765.jpg,14
3770.jpg,14
3771.jpg,14
3773.jpg,4
3774.jpg,11
3777.jpg,6
3788.jpg,5
3795.jpg,11
3800.jpg,2
3807.jpg,6
3810.jpg,14
3813.jpg,6
382.jpg,14
3821.jpg,14
3822.jpg,5
3824.jpg,11
3832.jpg,4
3838.jpg,14
3845.jpg,9
3847.jpg,14
3849.jpg,14
385.jpg,14
3850.jpg,12
3853.jpg,4
386.jpg,14
3869.jpg,6
3873.jpg,0
388.jpg,14
3882.jpg,6
3890.jpg,10
3896.jpg,14
3897.jpg,14
390.jpg,11
3903.jpg,14
3907.jpg,16
3912.jpg,4
3913.jpg,16
3914.jpg,5
3916.jpg,14
3918.jpg,14
3922.jpg,4
3927.jpg,14
3929.jpg,10
3930.jpg,0
3935.jpg,4
394.jpg,6
3947.jpg,0
3949.jpg,5
3951.jpg,14
3956.jpg,10
3957.jpg,14
3959.jpg,9
396.jpg,6
3965.jpg,11
3969.jpg,5
397.jpg,14
3973.jpg,10
3974.jpg,14
3976.jpg,0
3980.jpg,8
3981.jpg,4
3985.jpg,5
3990.jpg,4
3996.jpg,4
4005.jpg,9
4009.jpg,13
4012.jpg,9
4013.jpg,9
4015.jpg,4
4017.jpg,9
4019.jpg,6
4021.jpg,11
4023.jpg,10
403.jpg,4
4035.jpg,9
4043.jpg,13
4045.jpg,6
4046.jpg,16
4047.jpg,11
405.jpg,6
4050.jpg,14
4052.jpg,4
4056.jpg,3
4058.jpg,3
4061.jpg,14
4063.jpg,14
4065.jpg,8
4067.jpg,13
4069.jpg,12
407.jpg,14
4070.jpg,14
4072.jpg,6
4076.jpg,6
4077.jpg,14
408.jpg,11
4080.jpg,9
4083.jpg,2
4085.jpg,14
4086.jpg,4
4088.jpg,5
4097.jpg,5
4099.jpg,4
41.jpg,11
4101.jpg,10
4102.jpg,5
4103.jpg,4
4104.jpg,13
4105.jpg,13
4107.jpg,9
4108.jpg,14
4113.jpg,4
4116.jpg,0
4117.jpg,6
4118.jpg,6
4119.jpg,11
4121.jpg,5
4122.jpg,4
4130.jpg,9
4131.jpg,6
4134.jpg,5
4135.jpg,14
4137.jpg,0
4143.jpg,9
4147.jpg,4
4148.jpg,0
4155.jpg,10
4158.jpg,12
416.jpg,9
4165.jpg,14
4169.jpg,14
4173.jpg,9
4174.jpg,2
4176.jpg,6
4177.jpg,0
418.jpg,0
4180.jpg,4
4181.jpg,13
4182.jpg,8
4186.jpg,9
4187.jpg,14
4189.jpg,6
419.jpg,14
4191.jpg,13
4192.jpg,9
4195.jpg,11
4197.jpg,4
4198.jpg,14
4199.jpg,9
420.jpg,2
4200.jpg,4
4201.jpg,6
4203.jpg,4
4204.jpg,9
4205.jpg,6
4206.jpg,4
4208.jpg,14
421.jpg,4
4215.jpg,9
4216.jpg,14
4223.jpg,14
4224.jpg,9
4225.jpg,4
4229.jpg,4
423.jpg,4
4232.jpg,4
4238.jpg,14
4242.jpg,14
4244.jpg,14
4245.jpg,12
4246.jpg,5
4252.jpg,2
4263.jpg,14
4266.jpg,14
4268.jpg,14
4270.jpg,16
4278.jpg,6
4279.jpg,2
4280.jpg,9
4282.jpg,11
4286.jpg,14
4293.jpg,6
4294.jpg,10
4298.jpg,4
430.jpg,14
4304.jpg,2
4307.jpg,14
4308.jpg,4
4309.jpg,6
4315.jpg,18
4323.jpg,14
4324.jpg,4
4332.jpg,6
4334.jpg,5
4335.jpg,11
434.jpg,14
4343.jpg,9
4347.jpg,5
435.jpg,14
4356.jpg,4
4357.jpg,9
4358.jpg,11
4359.jpg,6
436.jpg,4
4364.jpg,4
4366.jpg,9
4367.jpg,13
4369.jpg,0
4372.jpg,0
4373.jpg,6
4374.jpg,9
4379.jpg,11
4382.jpg,5
439.jpg,9
4392.jpg,14
4394.jpg,6
4407.jpg,0
441.jpg,6
4412.jpg,11
4415.jpg,14
4417.jpg,9
4421.jpg,14
4422.jpg,4
4423.jpg,14
4424.jpg,0
4426.jpg,9
4430.jpg,9
4432.jpg,14
444.jpg,12
4447.jpg,11
445.jpg,5
4453.jpg,9
4455.jpg,14
4465.jpg,9
4468.jpg,14
4471.jpg,3
4473.jpg,4
4475.jpg,10
4477.jpg,9
4478.jpg,14
4480.jpg,4
4481.jpg,10
4487.jpg,6
449.jpg,14
4490.jpg,14
4494.jpg,14
4498.jpg,14
4510.jpg,9
4517.jpg,9
4519.jpg,0
4522.jpg,5
4528.jpg,14
4529.jpg,9
4530.jpg,11
4531.jpg,4
4536.jpg,6
4540.jpg,0
4543.jpg,4
4546.jpg,3
4549.jpg,9
4551.jpg,14
4555.jpg,4
4557.jpg,5
4568.jpg,2
457.jpg,6
4570.jpg,14
4571.jpg,4
4584.jpg,9
4585.jpg,6
4589.jpg,0
459.jpg,9
4592.jpg,4
4593.jpg,0
46.jpg,6
460.jpg,4
4602.jpg,0
4603.jpg,13
4610.jpg,5
4612.jpg,14
4613.jpg,4
4618.jpg,9
4621.jpg,0
4631.jpg,4
4632.jpg,14
4633.jpg,9
4638.jpg,9
4639.jpg,6
4645.jpg,14
4646.jpg,0
4649.jpg,12
465.jpg,4
4657.jpg,6
4665.jpg,14
467.jpg,14
4687.jpg,14
4689.jpg,6
4694.jpg,14
4695.jpg,6
4699.jpg,11
47.jpg,4
4703.jpg,16
4707.jpg,11
471.jpg,4
4711.jpg,4
4716.jpg,4
4721.jpg,14
4725.jpg,5
4726.jpg,11
4728.jpg,4
4730.jpg,6
4740.jpg,14
4747.jpg,14
475.jpg,10
4752.jpg,8
4754.jpg,11
4758.jpg,9
4759.jpg,5
476.jpg,14
4764.jpg,11
4767.jpg,4
4770.jpg,9
4773.jpg,12
4776.jpg,11
478.jpg,4
4781.jpg,9
4782.jpg,0
4793.jpg,11
4794.jpg,9
4795.jpg,6
4796.jpg,11
4802.jpg,0
4803.jpg,16
4804.jpg,14
4806.jpg,11
4808.jpg,2
4809.jpg,6
4811.jpg,9
4812.jpg,6
4818.jpg,14
4819.jpg,9
4826.jpg,4
4828.jpg,4
4831.jpg,12
4833.jpg,6
4838.jpg,4
484.jpg,6
4840.jpg,5
4843.jpg,14
4844.jpg,9
4845.jpg,0
485.jpg,4
4851.jpg,14
4853.jpg,2
4856.jpg,0
4859.jpg,14
4860.jpg,6
4861.jpg,14
4868.jpg,10
487.jpg,5
4874.jpg,13
4876.jpg,14
4878.jpg,14
4879.jpg,4
4884.jpg,14
4890.jpg,11
4892.jpg,6
4897.jpg,6
490.jpg,9
4902.jpg,4
4907.jpg,4
4913.jpg,11
4915.jpg,10
4919.jpg,2
4923.jpg,9
4927.jpg,14
4931.jpg,4
4934.jpg,9
4935.jpg,0
4938.jpg,14
4939.jpg,14
494.jpg,4
4940.jpg,9
4941.jpg,10
4942.jpg,11
4943.jpg,14
4947.jpg,4
4951.jpg,6
4953.jpg,0
4957.jpg,4
496.jpg,9
4961.jpg,6
4962.jpg,2
4963.jpg,4
4965.jpg,0
4968.jpg,0
4971.jpg,14
4972.jpg,4
4975.jpg,9
4976.jpg,5
498.jpg,9
4985.jpg,14
4987.jpg,4
4992.jpg,14
4993.jpg,14
4994.jpg,5
4996.jpg,2
4998.jpg,6
5.jpg,3
50.jpg,6
5005.jpg,0
5006.jpg,12
5007.jpg,0
5010.jpg,16
502.jpg,14
5022.jpg,4
5023.jpg,6
5028.jpg,11
5029.jpg,2
5042.jpg,6
5043.jpg,14
5044.jpg,6
5048.jpg,12
5053.jpg,2
5054.jpg,11
5057.jpg,4
5059.jpg,14
5066.jpg,14
5067.jpg,9
5071.jpg,0
5072.jpg,11
5074.jpg,14
5075.jpg,11
5076.jpg,14
5077.jpg,10
5078.jpg,4
5079.jpg,9
5083.jpg,9
5084.jpg,14
5085.jpg,14
5087.jpg,14
5094.jpg,4
5096.jpg,4
5100.jpg,9
5102.jpg,14
5107.jpg,11
5110.jpg,0
5113.jpg,6
5115.jpg,0
5117.jpg,12
5118.jpg,4
5120.jpg,14
5121.jpg,13
5123.jpg,14
5125.jpg,11
5126.jpg,9
5129.jpg,11
5130.jpg,6
5133.jpg,11
5135.jpg,12
5137.jpg,12
5141.jpg,16
5144.jpg,14
5145.jpg,14
515.jpg,4
5153.jpg,14
5161.jpg,4
5166.jpg,14
517.jpg,14
5171.jpg,4
5177.jpg,11
5185.jpg,13
5189.jpg,4
5193.jpg,14
5194.jpg,9
5201.jpg,6
5207.jpg,5
521.jpg,3
5210.jpg,5
5211.jpg,0
5213.jpg,6
5218.jpg,11
522.jpg,9
5220.jpg,6
5223.jpg,6
5224.jpg,14
5228.jpg,14
523.jpg,6
5230.jpg,11
5234.jpg,4
5235.jpg,9
5241.jpg,14
5243.jpg,14
5244.jpg,5
5246.jpg,5
5250.jpg,11
5252.jpg,6
5257.jpg,0
5261.jpg,9
5264.jpg,14
5265.jpg,6
5266.jpg,9
5268.jpg,6
5270.jpg,6
5277.jpg,9
5278.jpg,14
5290.jpg,4
5291.jpg,9
5294.jpg,14
530.jpg,0
5303.jpg,14
5308.jpg,2
5313.jpg,14
5315.jpg,11
532.jpg,9
5320.jpg,4
5322.jpg,9
5323.jpg,2
5325.jpg,14
5328.jpg,14
5334.jpg,5
5343.jpg,9
5348.jpg,6
5357.jpg,9
5363.jpg,4
5365.jpg,3
5366.jpg,4
5368.jpg,9
5369.jpg,14
5370.jpg,4
5372.jpg,6
5375.jpg,0
5376.jpg,9
5380.jpg,4
5388.jpg,4
5391.jpg,0
5392.jpg,14
54.jpg,9
5407.jpg,14
5410.jpg,0
5419.jpg,14
5429.jpg,14
5430.jpg,6
5431.jpg,3
5435.jpg,6
5437.jpg,14
544.jpg,6
5444.jpg,14
5446.jpg,8
5447.jpg,11
5452.jpg,0
5455.jpg,0
5456.jpg,4
5457.jpg,6
5459.jpg,6
5461.jpg,4
547.jpg,14
5474.jpg,6
5476.jpg,14
5479.jpg,14
5480.jpg,9
5484.jpg,6
5485.jpg,14
549.jpg,16
5490.jpg,16
5504.jpg,14
5506.jpg,6
5511.jpg,0
5513.jpg,4
5517.jpg,0
552.jpg,11
5520.jpg,9
5521.jpg,4
5525.jpg,6
5530.jpg,0
5533.jpg,4
5537.jpg,4
5540.jpg,14
5546.jpg,14
5549.jpg,5
5557.jpg,10
5559.jpg,3
556.jpg,14
5560.jpg,4
5561.jpg,14
5562.jpg,13
5565.jpg,0
5566.jpg,6
5567.jpg,14
557.jpg,6
5575.jpg,0
5578.jpg,6
5579.jpg,14
5580.jpg,14
5585.jpg,10
5591.jpg,6
5595.jpg,8
5598.jpg,3
5602.jpg,11
5604.jpg,14
5605.jpg,2
5606.jpg,14
5610.jpg,5
5613.jpg,14
5614.jpg,14
5616.jpg,6
5618.jpg,8
5628.jpg,6
5629.jpg,14
5630.jpg,4
5633.jpg,4
5634.jpg,14
5637.jpg,14
5639.jpg,14
5643.jpg,3
5647.jpg,14
5651.jpg,14
5655.jpg,4
5664.jpg,14
5665.jpg,4
5667.jpg,11
5669.jpg,0
5671.jpg,14
5675.jpg,9
568.jpg,14
5680.jpg,9
5689.jpg,12
569.jpg,14
5692.jpg,4
5694.jpg,14
57.jpg,14
5702.jpg,11
5703.jpg,0
5709.jpg,14
5710.jpg,6
5713.jpg,6
5715.jpg,14
5718.jpg,4
5719.jpg,14
5720.jpg,14
5723.jpg,4
5726.jpg,8
5729.jpg,4
573.jpg,9
5733.jpg,14
5741.jpg,4
5745.jpg,11
5748.jpg,4
5757.jpg,0
5759.jpg,5
5760.jpg,11
5763.jpg,3
5764.jpg,8
5765.jpg,4
5771.jpg,11
5773.jpg,14
578.jpg,6
5795.jpg,14
5807.jpg,6
5808.jpg,9
5813.jpg,0
5815.jpg,14
5819.jpg,3
582.jpg,9
5822.jpg,14
5823.jpg,9
5827.jpg,6
5830.jpg,9
5834.jpg,5
5836.jpg,14
584.jpg,3
5841.jpg,11
5844.jpg,14
5845.jpg,4
5853.jpg,14
5854.jpg,0
5857.jpg,6
5860.jpg,0
5862.jpg,14
5869.jpg,12
5871.jpg,14
5872.jpg,14
5873.jpg,12
5875.jpg,12
5877.jpg,4
5878.jpg,3
5882.jpg,11
5897.jpg,11
59.jpg,11
5903.jpg,14
5911.jpg,14
5913.jpg,9
5915.jpg,11
5916.jpg,0
5920.jpg,14
5925.jpg,16
5926.jpg,0
5937.jpg,6
594.jpg,14
5944.jpg,12
5947.jpg,11
5949.jpg,14
5952.jpg,11
5954.jpg,6
5958.jpg,9
5959.jpg,3
5960.jpg,9
5964.jpg,12
5968.jpg,3
5969.jpg,6
5970.jpg,11
5971.jpg,14
5972.jpg,0
5973.jpg,9
5974.jpg,0
5975.jpg,9
5976.jpg,14
5982.jpg,4
5991.jpg,14
5994.jpg,6
5997.jpg,11
6004.jpg,16
6005.jpg,2
6007.jpg,4
6011.jpg,4
6014.jpg,3
6019.jpg,14
6021.jpg,9
6024.jpg,4
6026.jpg,14
6027.jpg,9
603.jpg,10
6032.jpg,9
6034.jpg,4
6035.jpg,11
6043.jpg,4
6047.jpg,14
6048.jpg,11
6051.jpg,4
6053.jpg,4
6054.jpg,4
6056.jpg,11
6059.jpg,3
6063.jpg,4
6065.jpg,9
607.jpg,4
6071.jpg,4
6074.jpg,6
6076.jpg,0
6082.jpg,8
6086.jpg,0
609.jpg,11
6092.jpg,6
61.jpg,14
6101.jpg,14
6107.jpg,14
6109.jpg,14
6117.jpg,14
6124.jpg,14
6126.jpg,4
6131.jpg,3
6132.jpg,6
6134.jpg,14
6138.jpg,4
6140.jpg,6
6155.jpg,4
6156.jpg,4
6162.jpg,14
6164.jpg,14
6172.jpg,14
6173.jpg,9
6175.jpg,14
6177.jpg,9
6178.jpg,14
618.jpg,9
6180.jpg,13
6181.jpg,4
6183.jpg,4
6185.jpg,4
6188.jpg,6
6195.jpg,9
6197.jpg,4
6199.jpg,9
6200.jpg,8
6207.jpg,11
6210.jpg,4
6216.jpg,6
622.jpg,4
6220.jpg,0
6221.jpg,0
6222.jpg,3
6225.jpg,9
6226.jpg,0
623.jpg,14
6230.jpg,14
6231.jpg,0
6237.jpg,6
6240.jpg,4
6245.jpg,0
6249.jpg,14
625.jpg,3
6253.jpg,14
6255.jpg,9
6257.jpg,14
6259.jpg,14
6260.jpg,0
6261.jpg,12
6263.jpg,14
6266.jpg,4
6270.jpg,14
6271.jpg,14
6272.jpg,4
6275.jpg,14
6276.jpg,14
6279.jpg,11
628.jpg,14
6288.jpg,14
6291.jpg,4
6292.jpg,14
6293.jpg,9
6294.jpg,14
6295.jpg,3
63.jpg,6
6303.jpg,14
6304.jpg,14
6309.jpg,14
6310.jpg,12
6317.jpg,2
6318.jpg,6
6321.jpg,5
6324.jpg,14
6325.jpg,4
6326.jpg,11
6327.jpg,14
6332.jpg,14
6337.jpg,4
6340.jpg,14
6341.jpg,0
635.jpg,4
6352.jpg,5
6354.jpg,4
6360.jpg,16
6362.jpg,4
6369.jpg,6
6370.jpg,14
6375.jpg,13
6376.jpg,6
6377.jpg,10
6383.jpg,13
6388.jpg,6
639.jpg,4
6393.jpg,14
6395.jpg,14
6396.jpg,9
6399.jpg,14
6404.jpg,4
6408.jpg,4
6409.jpg,14
6410.jpg,6
6411.jpg,4
6417.jpg,4
642.jpg,14
6420.jpg,14
6425.jpg,9
6426.jpg,4
6430.jpg,11
6434.jpg,14
6439.jpg,14
6441.jpg,11
6443.jpg,4
6445.jpg,8
6449.jpg,14
6453.jpg,4
6454.jpg,14
6455.jpg,11
6461.jpg,14
6470.jpg,6
6471.jpg,14
6475.jpg,11
6477.jpg,9
6487.jpg,9
6489.jpg,14
6493.jpg,14
6495.jpg,14
6503.jpg,4
6506.jpg,4
6507.jpg,14
6508.jpg,16
651.jpg,5
6510.jpg,18
6512.jpg,9
6513.jpg,14
6515.jpg,9
6519.jpg,14
6520.jpg,0
6523.jpg,8
6527.jpg,10
653.jpg,14
6534.jpg,4
6538.jpg,4
6540.jpg,11
6544.jpg,11
6545.jpg,0
6546.jpg,6
6547.jpg,0
6548.jpg,6
655.jpg,9
6550.jpg,4
6551.jpg,9
6556.jpg,5
6557.jpg,9
6559.jpg,8
656.jpg,14
6562.jpg,6
6564.jpg,5
6568.jpg,14
6578.jpg,0
658.jpg,9
6583.jpg,14
6587.jpg,14
6588.jpg,0
6592.jpg,13
6597.jpg,4
6598.jpg,9
6603.jpg,4
6611.jpg,14
6614.jpg,11
6615.jpg,16
6616.jpg,4
6617.jpg,4
6619.jpg,0
6622.jpg,6
6623.jpg,4
6628.jpg,6
6629.jpg,11
6630.jpg,4
6631.jpg,12
6633.jpg,4
6635.jpg,11
6642.jpg,9
6643.jpg,5
665.jpg,11
6654.jpg,14
6657.jpg,10
6666.jpg,4
6669.jpg,9
6670.jpg,14
6675.jpg,6
6676.jpg,3
6681.jpg,6
6682.jpg,11
6685.jpg,14
6686.jpg,14
6687.jpg,6
669.jpg,14
6694.jpg,11
6697.jpg,4
6705.jpg,9
6709.jpg,4
671.jpg,14
6711.jpg,14
6715.jpg,4
6725.jpg,0
6726.jpg,4
6733.jpg,0
6734.jpg,4
6738.jpg,13
6745.jpg,13
6747.jpg,9
675.jpg,5
6751.jpg,14
6753.jpg,2
6760.jpg,14
6768.jpg,9
6774.jpg,11
6775.jpg,2
6776.jpg,14
6777.jpg,4
6787.jpg,14
6789.jpg,6
6791.jpg,4
6796.jpg,4
6797.jpg,11
6799.jpg,4
6803.jpg,4
6806.jpg,9
6809.jpg,4
6812.jpg,3
6816.jpg,10
6818.jpg,12
682.jpg,4
6820.jpg,14
6821.jpg,12
6826.jpg,2
6827.jpg,9
6828.jpg,13
6830.jpg,14
6833.jpg,11
6834.jpg,0
6840.jpg,5
6842.jpg,14
6845.jpg,6
6852.jpg,14
6853.jpg,14
6857.jpg,11
6858.jpg,0
6863.jpg,0
6868.jpg,6
6870.jpg,5
6874.jpg,11
6881.jpg,2
6885.jpg,14
6886.jpg,11
6887.jpg,14
6888.jpg,14
6890.jpg,14
6893.jpg,18
6903.jpg,9
6906.jpg,14
6907.jpg,13
692.jpg,14
6926.jpg,5
6932.jpg,6
6933.jpg,14
6934.jpg,5
6944.jpg,4
6947.jpg,14
6948.jpg,6
695.jpg,12
6954.jpg,14
6956.jpg,14
6957.jpg,14
6961.jpg,5
6962.jpg,3
6965.jpg,6
6966.jpg,5
6970.jpg,12
6972.jpg,0
6982.jpg,4
6989.jpg,8
6996.jpg,14
70.jpg,14
7000.jpg,5
7006.jpg,5
7008.jpg,4
7010.jpg,9
7013.jpg,5
7018.jpg,0
7019.jpg,5
702.jpg,4
7020.jpg,9
7021.jpg,6
7022.jpg,4
7025.jpg,3
703.jpg,9
7030.jpg,14
7037.jpg,4
7038.jpg,5
7047.jpg,5
7050.jpg,0
7052.jpg,14
7054.jpg,4
7056.jpg,4
7059.jpg,14
7060.jpg,6
7061.jpg,14
7064.jpg,0
7065.jpg,5
7066.jpg,4
7068.jpg,14
7069.jpg,2
7070.jpg,6
7074.jpg,8
708.jpg,4
7080.jpg,9
7082.jpg,4
7090.jpg,14
7091.jpg,4
7092.jpg,9
7095.jpg,5
7098.jpg,4
7105.jpg,6
7109.jpg,9
7113.jpg,0
7114.jpg,6
7123.jpg,4
7140.jpg,4
7143.jpg,14
7151.jpg,6
7153.jpg,0
7154.jpg,12
7155.jpg,4
7156.jpg,14
716.jpg,4
7164.jpg,2
7171.jpg,11
7174.jpg,5
7176.jpg,4
7180.jpg,9
7182.jpg,6
7183.jpg,14
7185.jpg,4
7186.jpg,11
7187.jpg,9
7188.jpg,5
7195.jpg,14
720.jpg,5
7200.jpg,10
7203.jpg,4
7205.jpg,11
7210.jpg,14
7211.jpg,4
7212.jpg,9
7214.jpg,14
7215.jpg,4
722.jpg,14
7224.jpg,4
7226.jpg,14
7228.jpg,4
7229.jpg,10
7230.jpg,3
7237.jpg,6
7238.jpg,14
724.jpg,4
7240.jpg,5
7244.jpg,4
7246.jpg,13
7247.jpg,6
7249.jpg,14
725.jpg,11
7250.jpg,9
7257.jpg,6
7263.jpg,9
7269.jpg,14
7271.jpg,14
7273.jpg,14
7275.jpg,9
7276.jpg,4
7279.jpg,4
728.jpg,4
7282.jpg,11
7286.jpg,14
7289.jpg,0
7294.jpg,16
7296.jpg,5
7300.jpg,4
7305.jpg,9
7309.jpg,6
7313.jpg,4
7317.jpg,11
7319.jpg,4
7325.jpg,14
7328.jpg,12
7334.jpg,6
7337.jpg,5
7341.jpg,5
7343.jpg,5
7345.jpg,10
735.jpg,14
7353.jpg,12
7360.jpg,8
7363.jpg,4
7367.jpg,11
7368.jpg,4
7370.jpg,14
7384.jpg,11
7387.jpg,4
7388.jpg,14
7389.jpg,9
7391.jpg,9
7393.jpg,14
7400.jpg,12
7406.jpg,4
7407.jpg,14
741.jpg,14
7411.jpg,12
7412.jpg,4
7414.jpg,14
7417.jpg,6
7422.jpg,6
7425.jpg,6
7428.jpg,14
7429.jpg,0
7437.jpg,5
7439.jpg,9
7440.jpg,14
7442.jpg,2
7444.jpg,3
7446.jpg,5
7447.jpg,4
7448.jpg,14
745.jpg,14
7454.jpg,14
7455.jpg,14
7458.jpg,11
7463.jpg,14
7465.jpg,14
7473.jpg,6
7475.jpg,14
7476.jpg,4
7477.jpg,4
7483.jpg,6
7488.jpg,14
7498.jpg,4
750.jpg,5
7501.jpg,14
7502.jpg,4
7506.jpg,10
7511.jpg,14
7514.jpg,6
7517.jpg,16
7528.jpg,9
753.jpg,9
7530.jpg,4
7533.jpg,14
754.jpg,14
7544.jpg,0
7545.jpg,14
7548.jpg,4
7551.jpg,0
7553.jpg,0
7555.jpg,4
7557.jpg,0
7559.jpg,0
756.jpg,14
7560.jpg,6
7568.jpg,2
757.jpg,4
7571.jpg,2
7577.jpg,4
7581.jpg,14
7582.jpg,0
7584.jpg,14
7586.jpg,14
7587.jpg,14
7596.jpg,14
7600.jpg,0
7601.jpg,5
7615.jpg,13
7618.jpg,3
762.jpg,10
7620.jpg,6
7627.jpg,14
763.jpg,14
7630.jpg,4
7631.jpg,6
7638.jpg,14
7639.jpg,12
7645.jpg,14
765.jpg,0
7653.jpg,6
7660.jpg,4
7661.jpg,16
7667.jpg,14
7671.jpg,14
7673.jpg,6
7679.jpg,9
768.jpg,4
7682.jpg,12
7689.jpg,11
7693.jpg,14
7694.jpg,14
7697.jpg,4
7699.jpg,6
770.jpg,18
7702.jpg,4
7703.jpg,12
7706.jpg,14
7707.jpg,9
771.jpg,12
7711.jpg,6
7719.jpg,16
772.jpg,14
7720.jpg,0
7722.jpg,6
7726.jpg,2
7727.jpg,4
7732.jpg,14
7733.jpg,11
7735.jpg,6
774.jpg,4
7740.jpg,12
7744.jpg,11
7765.jpg,11
7767.jpg,6
7768.jpg,5
7769.jpg,2
7770.jpg,6
7771.jpg,9
7772.jpg,14
7776.jpg,11
7778.jpg,5
7779.jpg,14
7780.jpg,16
7783.jpg,6
7784.jpg,0
7785.jpg,11
7790.jpg,14
7793.jpg,12
7796.jpg,9
7798.jpg,4
7799.jpg,14
780.jpg,13
7804.jpg,5
7806.jpg,4
7807.jpg,6
7809.jpg,14
7811.jpg,6
7812.jpg,12
7815.jpg,14
7816.jpg,11
7820.jpg,11
7821.jpg,14
7827.jpg,9
7828.jpg,11
7836.jpg,4
7840.jpg,13
7841.jpg,14
7844.jpg,11
7847.jpg,6
7849.jpg,11
785.jpg,5
7853.jpg,4
7857.jpg,11
7858.jpg,6
786.jpg,11
7862.jpg,9
7864.jpg,4
7865.jpg,0
7866.jpg,16
7869.jpg,6
7871.jpg,9
7874.jpg,14
7877.jpg,9
7878.jpg,16
7880.jpg,14
7883.jpg,5
7893.jpg,11
7896.jpg,4
7898.jpg,4
7899.jpg,18
7903.jpg,13
7908.jpg,13
7913.jpg,2
7916.jpg,5
7917.jpg,4
7918.jpg,11
7921.jpg,11
7926.jpg,14
7927.jpg,4
7928.jpg,4
7930.jpg,12
7936.jpg,4
7937.jpg,14
7938.jpg,0
794.jpg,6
7947.jpg,0
7952.jpg,14
7954.jpg,9
7957.jpg,10
7960.jpg,6
7962.jpg,0
7968.jpg,5
7969.jpg,12
7971.jpg,14
7974.jpg,14
7985.jpg,4
7986.jpg,14
7988.jpg,4
7999.jpg,10
8.jpg,12
80.jpg,5
8001.jpg,14
8002.jpg,4
8005.jpg,9
8006.jpg,11
8008.jpg,14
8011.jpg,4
8020.jpg,13
8022.jpg,13
8029.jpg,4
8030.jpg,9
8033.jpg,5
8037.jpg,4
8042.jpg,4
8043.jpg,9
8045.jpg,4
8047.jpg,11
8048.jpg,4
8055.jpg,11
8056.jpg,14
8059.jpg,0
8062.jpg,0
8065.jpg,14
8066.jpg,11
8068.jpg,5
8069.jpg,9
8072.jpg,8
8080.jpg,12
8082.jpg,14
8084.jpg,14
8093.jpg,14
8095.jpg,14
8096.jpg,8
8102.jpg,9
8104.jpg,14
8107.jpg,12
8109.jpg,3
8118.jpg,3
8120.jpg,14
8123.jpg,4
8125.jpg,0
8127.jpg,4
8131.jpg,8
8133.jpg,14
8135.jpg,0
8138.jpg,14
8141.jpg,6
8148.jpg,9
816.jpg,14
8160.jpg,9
8163.jpg,9
8165.jpg,0
8168.jpg,12
817.jpg,5
8175.jpg,14
8179.jpg,14
8180.jpg,11
8181.jpg,14
8184.jpg,6
8185.jpg,14
8187.jpg,4
8190.jpg,5
8201.jpg,9
8204.jpg,14
8206.jpg,14
8209.jpg,0
8215.jpg,9
822.jpg,4
8222.jpg,6
8226.jpg,4
8229.jpg,0
8233.jpg,14
8247.jpg,4
825.jpg,4
8259.jpg,4
8260.jpg,0
8265.jpg,4
8267.jpg,4
8268.jpg,6
827.jpg,5
8275.jpg,4
8277.jpg,9
8280.jpg,5
8282.jpg,11
8283.jpg,4
8288.jpg,4
8289.jpg,6
8290.jpg,2
8291.jpg,5
8292.jpg,0
8293.jpg,14
8295.jpg,14
8296.jpg,6
8298.jpg,11
8305.jpg,10
8308.jpg,5
8309.jpg,9
8310.jpg,11
8316.jpg,9
8317.jpg,6
8318.jpg,4
8323.jpg,11
833.jpg,6
8330.jpg,16
8333.jpg,10
8340.jpg,12
8341.jpg,4
8344.jpg,14
8346.jpg,4
8347.jpg,4
8349.jpg,4
8350.jpg,4
8351.jpg,0
8354.jpg,11
8357.jpg,6
8365.jpg,14
8371.jpg,14
8375.jpg,14
8379.jpg,5
8383.jpg,14
8386.jpg,4
839.jpg,14
8392.jpg,14
8393.jpg,14
8398.jpg,11
84.jpg,4
8402.jpg,11
8404.jpg,4
8410.jpg,4
8411.jpg,8
8412.jpg,14
8417.jpg,14
8418.jpg,4
842.jpg,14
8423.jpg,4
8424.jpg,14
8426.jpg,9
8427.jpg,4
8428.jpg,4
8435.jpg,4
8438.jpg,14
8441.jpg,14
8443.jpg,11
8444.jpg,11
8445.jpg,14
8447.jpg,4
8449.jpg,2
8451.jpg,2
8453.jpg,9
8454.jpg,4
8456.jpg,5
8459.jpg,6
8460.jpg,2
8465.jpg,9
847.jpg,4
8475.jpg,14
848.jpg,4
8484.jpg,16
8488.jpg,12
8489.jpg,6
8490.jpg,11
8494.jpg,11
8495.jpg,14
8499.jpg,4
85.jpg,3
850.jpg,5
8502.jpg,9
8506.jpg,18
8509.jpg,12
851.jpg,8
8510.jpg,3
8512.jpg,14
8519.jpg,11
8520.jpg,4
8523.jpg,14
8529.jpg,14
853.jpg,0
8531.jpg,6
8533.jpg,5
8534.jpg,14
8536.jpg,9
8539.jpg,14
8541.jpg,5
8546.jpg,10
8549.jpg,10
855.jpg,9
8552.jpg,9
8553.jpg,6
8554.jpg,10
8557.jpg,12
8561.jpg,4
8563.jpg,6
8568.jpg,6
8573.jpg,4
8576.jpg,14
858.jpg,2
8582.jpg,9
8586.jpg,11
8591.jpg,5
86.jpg,16
8600.jpg,4
8601.jpg,9
8603.jpg,0
861.jpg,0
8611.jpg,12
8614.jpg,8
8615.jpg,4
8617.jpg,11
8619.jpg,11
8620.jpg,0
8627.jpg,11
863.jpg,4
8631.jpg,6
8638.jpg,6
864.jpg,14
8641.jpg,4
8642.jpg,5
8643.jpg,13
8646.jpg,9
8648.jpg,0
8653.jpg,4
8655.jpg,18
8657.jpg,9
8660.jpg,4
8667.jpg,14
8668.jpg,14
8670.jpg,9
8671.jpg,12
8674.jpg,11
8679.jpg,13
8684.jpg,6
8685.jpg,18
8687.jpg,6
8689.jpg,14
8692.jpg,14
8699.jpg,4
8703.jpg,0
8713.jpg,4
8715.jpg,4
8717.jpg,14
8728.jpg,4
873.jpg,6
8731.jpg,5
8733.jpg,0
8737.jpg,10
8745.jpg,4
8746.jpg,5
8747.jpg,4
8749.jpg,4
8764.jpg,14
8767.jpg,14
8768.jpg,4
8770.jpg,4
8771.jpg,4
8776.jpg,6
8784.jpg,11
879.jpg,9
8792.jpg,14
8793.jpg,14
8795.jpg,4
8801.jpg,4
8803.jpg,14
8805.jpg,12
8806.jpg,14
8813.jpg,14
8817.jpg,4
8818.jpg,14
8827.jpg,8
8828.jpg,4
8829.jpg,16
8832.jpg,5
8834.jpg,11
8836.jpg,6
8837.jpg,4
8839.jpg,9
8843.jpg,11
885.jpg,9
8850.jpg,11
8853.jpg,4
8857.jpg,4
8859.jpg,11
886.jpg,14
8861.jpg,5
8863.jpg,6
8865.jpg,9
8869.jpg,4
8874.jpg,6
8875.jpg,6
8880.jpg,4
8888.jpg,9
8889.jpg,4
889.jpg,4
8890.jpg,12
8891.jpg,9
8894.jpg,14
8895.jpg,5
8897.jpg,8
89.jpg,14
8901.jpg,11
8908.jpg,14
8909.jpg,5
891.jpg,0
8911.jpg,4
8913.jpg,9
8914.jpg,4
8922.jpg,11
8925.jpg,4
8927.jpg,14
8928.jpg,9
8929.jpg,5
8933.jpg,14
8934.jpg,4
8936.jpg,4
894.jpg,9
8941.jpg,9
8945.jpg,5
895.jpg,11
8950.jpg,6
8952.jpg,11
8957.jpg,6
8960.jpg,14
8962.jpg,6
8963.jpg,14
8964.jpg,4
8971.jpg,11
8973.jpg,4
8976.jpg,14
8978.jpg,14
898.jpg,6
8980.jpg,14
8982.jpg,6
8985.jpg,9
8986.jpg,4
8988.jpg,11
8989.jpg,14
8997.jpg,14
9000.jpg,14
9009.jpg,4
901.jpg,14
9013.jpg,6
9014.jpg,4
9020.jpg,11
9022.jpg,14
9023.jpg,4
9024.jpg,6
9032.jpg,14
9034.jpg,14
9035.jpg,14
9037.jpg,14
9040.jpg,14
9041.jpg,11
9043.jpg,11
9047.jpg,14
9048.jpg,4
9053.jpg,6
9055.jpg,0
9057.jpg,11
9058.jpg,3
9059.jpg,6
906.jpg,5
9062.jpg,14
9063.jpg,13
9068.jpg,0
9069.jpg,14
907.jpg,10
9073.jpg,14
9081.jpg,5
9084.jpg,4
9089.jpg,14
9090.jpg,9
9094.jpg,4
9097.jpg,14
9100.jpg,14
9104.jpg,4
9112.jpg,6
9113.jpg,9
9117.jpg,14
9122.jpg,4
9125.jpg,11
9126.jpg,9
9129.jpg,16
9131.jpg,16
9132.jpg,5
9136.jpg,4
9146.jpg,9
9147.jpg,6
9153.jpg,9
9156.jpg,5
9158.jpg,16
9160.jpg,16
9161.jpg,12
9165.jpg,14
9166.jpg,14
9168.jpg,11
9169.jpg,12
9173.jpg,14
9174.jpg,10
918.jpg,5
9180.jpg,6
9182.jpg,6
9192.jpg,14
9193.jpg,14
9197.jpg,6
9199.jpg,2
9201.jpg,5
9202.jpg,14
9204.jpg,9
9207.jpg,4
921.jpg,9
9212.jpg,14
9226.jpg,0
9227.jpg,14
9229.jpg,4
923.jpg,9
9232.jpg,4
9233.jpg,13
9234.jpg,4
9236.jpg,6
9241.jpg,14
9247.jpg,11
9248.jpg,12
925.jpg,0
9251.jpg,14
9252.jpg,14
926.jpg,14
9263.jpg,11
9272.jpg,4
9276.jpg,9
9277.jpg,6
9279.jpg,14
9288.jpg,4
9294.jpg,3
930.jpg,11
9303.jpg,14
9304.jpg,14
9307.jpg,14
931.jpg,6
9317.jpg,6
9319.jpg,11
9322.jpg,11
9323.jpg,14
9326.jpg,14
9327.jpg,6
9336.jpg,6
9338.jpg,14
9340.jpg,14
9341.jpg,4
9342.jpg,5
9346.jpg,14
9355.jpg,14
9357.jpg,4
9362.jpg,5
9366.jpg,2
9367.jpg,4
9369.jpg,4
937.jpg,16
9371.jpg,14
9372.jpg,4
9374.jpg,0
9375.jpg,9
9379.jpg,4
9381.jpg,14
9389.jpg,14
9390.jpg,11
9392.jpg,9
9394.jpg,4
9402.jpg,0
9406.jpg,4
9408.jpg,14
9410.jpg,5
9411.jpg,14
9413.jpg,4
9416.jpg,6
9417.jpg,9
9420.jpg,6
9423.jpg,4
9426.jpg,11
9428.jpg,6
9431.jpg,6
9432.jpg,11
944.jpg,0
9443.jpg,4
9444.jpg,4
9447.jpg,11
9451.jpg,4
9457.jpg,4
9461.jpg,11
9464.jpg,4
9466.jpg,14
9468.jpg,14
9474.jpg,6
9477.jpg,14
948.jpg,14
9483.jpg,14
9485.jpg,4
9487.jpg,14
9490.jpg,4
9496.jpg,14
9497.jpg,14
95.jpg,14
950.jpg,14
9501.jpg,14
9502.jpg,9
9503.jpg,4
951.jpg,6
9510.jpg,5
9511.jpg,0
9514.jpg,6
9517.jpg,6
9521.jpg,14
9523.jpg,4
9524.jpg,16
9528.jpg,5
953.jpg,0
9534.jpg,0
9535.jpg,0
9536.jpg,6
9540.jpg,9
9541.jpg,14
9543.jpg,14
9544.jpg,4
9546.jpg,0
9547.jpg,14
955.jpg,4
9550.jpg,14
9551.jpg,4
9555.jpg,9
9557.jpg,4
9559.jpg,8
9561.jpg,13
9562.jpg,8
9569.jpg,0
957.jpg,14
9570.jpg,14
9574.jpg,13
9575.jpg,14
9577.jpg,13
9579.jpg,9
9586.jpg,11
9594.jpg,2
9595.jpg,4
9599.jpg,6
9603.jpg,14
9607.jpg,14
961.jpg,14
9610.jpg,6
9616.jpg,14
9619.jpg,5
962.jpg,4
9623.jpg,4
9625.jpg,14
9626.jpg,6
9627.jpg,5
9630.jpg,14
9635.jpg,0
9636.jpg,4
9640.jpg,14
9642.jpg,4
9643.jpg,4
9648.jpg,11
9653.jpg,6
9654.jpg,4
9658.jpg,11
9664.jpg,16
9667.jpg,4
9668.jpg,13
9669.jpg,4
9673.jpg,6
9675.jpg,11
9676.jpg,11
9678.jpg,4
9686.jpg,11
9688.jpg,11
969.jpg,4
9690.jpg,11
9691.jpg,9
9693.jpg,0
9697.jpg,9
970.jpg,14
9701.jpg,4
9708.jpg,14
9712.jpg,4
9713.jpg,6
9716.jpg,12
9717.jpg,9
9718.jpg,5
9721.jpg,10
9724.jpg,6
9727.jpg,11
9729.jpg,4
9730.jpg,10
9731.jpg,14
9732.jpg,0
9744.jpg,9
9749.jpg,0
975.jpg,11
9753.jpg,6
9754.jpg,4
9757.jpg,11
9762.jpg,14
9764.jpg,0
9771.jpg,2
9773.jpg,2
978.jpg,14
9780.jpg,14
9781.jpg,4
9782.jpg,5
9784.jpg,4
9788.jpg,6
9792.jpg,0
9793.jpg,14
9797.jpg,9
9801.jpg,11
9804.jpg,6
9805.jpg,6
9806.jpg,4
9808.jpg,6
9809.jpg,4
9810.jpg,4
9812.jpg,10
9813.jpg,14
9816.jpg,14
9818.jpg,9
9820.jpg,8
9822.jpg,11
9824.jpg,9
9827.jpg,14
9833.jpg,4
984.jpg,13
9844.jpg,5
9845.jpg,6
9847.jpg,6
985.jpg,4
9852.jpg,10
9856.jpg,14
9857.jpg,5
9858.jpg,4
9859.jpg,11
9860.jpg,9
9862.jpg,14
9864.jpg,9
9868.jpg,12
9869.jpg,6
987.jpg,4
9881.jpg,4
9889.jpg,11
9891.jpg,9
9892.jpg,12
9893.jpg,10
9895.jpg,0
9896.jpg,11
9907.jpg,0
9909.jpg,0
9913.jpg,9
9918.jpg,4
9919.jpg,14
992.jpg,4
9922.jpg,12
9924.jpg,11
9925.jpg,14
9928.jpg,16
9930.jpg,14
9933.jpg,6
9935.jpg,4
9943.jpg,4
9945.jpg,4
9948.jpg,0
995.jpg,6
9950.jpg,5
9959.jpg,11
996.jpg,14
9962.jpg,14
9967.jpg,14
9970.jpg,13
9979.jpg,4
9981.jpg,9
9987.jpg,4
9989.jpg,11
9990.jpg,11
9995.jpg,11
9996.jpg,6
9998.jpg,5
